==11981== NVPROF is profiling process 11981, command: java -classpath /home/users/qi.zhou/tesi/graalvm-ce-java8-20.2.0/jre/lib/graalvm/graalpython-launcher.jar:/home/users/qi.zhou/tesi/graalvm-ce-java8-20.2.0/jre/lib/graalvm/launcher-common.jar com.oracle.graal.python.shell.GraalPythonMain --polyglot --exper
==11981== Profiling application: java -classpath /home/users/qi.zhou/tesi/graalvm-ce-java8-20.2.0/jre/lib/graalvm/graalpython-launcher.jar:/home/users/qi.zhou/tesi/graalvm-ce-java8-20.2.0/jre/lib/graalvm/launcher-common.jar com.oracle.graal.python.shell.GraalPythonMain --polyglot --exper
==11981== Profiling result:
"Start","Duration","Grid X","Grid Y","Grid Z","Block X","Block Y","Block Z","Registers Per Thread","Static SMem","Dynamic SMem","Device","Context","Stream","Unified Memory","Virtual Address","Name","Correlation_ID"
s,ms,,,,,,,,B,B,,,,B,,,
10.862029,0.162944,,,,,,,,,,"GeForce GTX 960 (0)",,,2097152.000000,"0x205000000","[Unified Memory Memcpy HtoD]",
10.862206,0.163392,,,,,,,,,,"GeForce GTX 960 (0)",,,2097152.000000,"0x205200000","[Unified Memory Memcpy HtoD]",
10.862386,0.163552,,,,,,,,,,"GeForce GTX 960 (0)",,,2097152.000000,"0x205400000","[Unified Memory Memcpy HtoD]",
10.862561,0.163552,,,,,,,,,,"GeForce GTX 960 (0)",,,2097152.000000,"0x205600000","[Unified Memory Memcpy HtoD]",
10.862743,0.163488,,,,,,,,,,"GeForce GTX 960 (0)",,,2097152.000000,"0x205800000","[Unified Memory Memcpy HtoD]",
10.862917,0.163040,,,,,,,,,,"GeForce GTX 960 (0)",,,2097152.000000,"0x205a00000","[Unified Memory Memcpy HtoD]",
10.863091,0.172832,,,,,,,,,,"GeForce GTX 960 (0)",,,2097152.000000,"0x205c00000","[Unified Memory Memcpy HtoD]",
10.863265,0.163136,,,,,,,,,,"GeForce GTX 960 (0)",,,2097152.000000,"0x205e00000","[Unified Memory Memcpy HtoD]",
10.863429,0.163360,,,,,,,,,,"GeForce GTX 960 (0)",,,2097152.000000,"0x206000000","[Unified Memory Memcpy HtoD]",
10.863594,0.163296,,,,,,,,,,"GeForce GTX 960 (0)",,,2097152.000000,"0x206200000","[Unified Memory Memcpy HtoD]",
10.863758,0.163232,,,,,,,,,,"GeForce GTX 960 (0)",,,2097152.000000,"0x206400000","[Unified Memory Memcpy HtoD]",
10.863923,0.163200,,,,,,,,,,"GeForce GTX 960 (0)",,,2097152.000000,"0x206600000","[Unified Memory Memcpy HtoD]",
10.864087,0.163488,,,,,,,,,,"GeForce GTX 960 (0)",,,2097152.000000,"0x206800000","[Unified Memory Memcpy HtoD]",
10.864252,0.163104,,,,,,,,,,"GeForce GTX 960 (0)",,,2097152.000000,"0x206a00000","[Unified Memory Memcpy HtoD]",
10.864416,0.163584,,,,,,,,,,"GeForce GTX 960 (0)",,,2097152.000000,"0x206c00000","[Unified Memory Memcpy HtoD]",
10.864581,0.162976,,,,,,,,,,"GeForce GTX 960 (0)",,,2097152.000000,"0x206e00000","[Unified Memory Memcpy HtoD]",
10.864745,0.163200,,,,,,,,,,"GeForce GTX 960 (0)",,,2097152.000000,"0x207000000","[Unified Memory Memcpy HtoD]",
10.864910,0.163264,,,,,,,,,,"GeForce GTX 960 (0)",,,2097152.000000,"0x207200000","[Unified Memory Memcpy HtoD]",
10.865074,0.162848,,,,,,,,,,"GeForce GTX 960 (0)",,,2097152.000000,"0x207400000","[Unified Memory Memcpy HtoD]",
10.865238,0.163488,,,,,,,,,,"GeForce GTX 960 (0)",,,2097152.000000,"0x207600000","[Unified Memory Memcpy HtoD]",
10.865403,0.163232,,,,,,,,,,"GeForce GTX 960 (0)",,,2097152.000000,"0x207800000","[Unified Memory Memcpy HtoD]",
10.865567,0.163296,,,,,,,,,,"GeForce GTX 960 (0)",,,2097152.000000,"0x207a00000","[Unified Memory Memcpy HtoD]",
10.865732,0.163456,,,,,,,,,,"GeForce GTX 960 (0)",,,2097152.000000,"0x207c00000","[Unified Memory Memcpy HtoD]",
10.865897,0.163040,,,,,,,,,,"GeForce GTX 960 (0)",,,2097152.000000,"0x207e00000","[Unified Memory Memcpy HtoD]",
10.866061,0.163296,,,,,,,,,,"GeForce GTX 960 (0)",,,2097152.000000,"0x208000000","[Unified Memory Memcpy HtoD]",
10.866226,0.162976,,,,,,,,,,"GeForce GTX 960 (0)",,,2097152.000000,"0x208200000","[Unified Memory Memcpy HtoD]",
10.866390,0.163328,,,,,,,,,,"GeForce GTX 960 (0)",,,2097152.000000,"0x208400000","[Unified Memory Memcpy HtoD]",
10.866554,0.163136,,,,,,,,,,"GeForce GTX 960 (0)",,,2097152.000000,"0x208600000","[Unified Memory Memcpy HtoD]",
10.866719,0.163008,,,,,,,,,,"GeForce GTX 960 (0)",,,2097152.000000,"0x208800000","[Unified Memory Memcpy HtoD]",
10.866883,0.163232,,,,,,,,,,"GeForce GTX 960 (0)",,,2097152.000000,"0x208a00000","[Unified Memory Memcpy HtoD]",
10.867047,0.162688,,,,,,,,,,"GeForce GTX 960 (0)",,,2097152.000000,"0x208c00000","[Unified Memory Memcpy HtoD]",
10.867211,0.163232,,,,,,,,,,"GeForce GTX 960 (0)",,,2097152.000000,"0x208e00000","[Unified Memory Memcpy HtoD]",
10.867376,0.162528,,,,,,,,,,"GeForce GTX 960 (0)",,,2097152.000000,"0x209000000","[Unified Memory Memcpy HtoD]",
10.867539,0.163360,,,,,,,,,,"GeForce GTX 960 (0)",,,2097152.000000,"0x209200000","[Unified Memory Memcpy HtoD]",
10.867704,0.163104,,,,,,,,,,"GeForce GTX 960 (0)",,,2097152.000000,"0x209400000","[Unified Memory Memcpy HtoD]",
10.867868,0.163104,,,,,,,,,,"GeForce GTX 960 (0)",,,2097152.000000,"0x209600000","[Unified Memory Memcpy HtoD]",
10.868033,0.172064,,,,,,,,,,"GeForce GTX 960 (0)",,,2097152.000000,"0x209800000","[Unified Memory Memcpy HtoD]",
10.868206,0.163360,,,,,,,,,,"GeForce GTX 960 (0)",,,2097152.000000,"0x209a00000","[Unified Memory Memcpy HtoD]",
10.868370,0.163008,,,,,,,,,,"GeForce GTX 960 (0)",,,2097152.000000,"0x209c00000","[Unified Memory Memcpy HtoD]",
10.868535,0.162752,,,,,,,,,,"GeForce GTX 960 (0)",,,2097152.000000,"0x209e00000","[Unified Memory Memcpy HtoD]",
10.868699,0.163072,,,,,,,,,,"GeForce GTX 960 (0)",,,2097152.000000,"0x20a000000","[Unified Memory Memcpy HtoD]",
10.868863,0.163200,,,,,,,,,,"GeForce GTX 960 (0)",,,2097152.000000,"0x20a200000","[Unified Memory Memcpy HtoD]",
10.869027,0.163008,,,,,,,,,,"GeForce GTX 960 (0)",,,2097152.000000,"0x20a400000","[Unified Memory Memcpy HtoD]",
10.869192,0.163232,,,,,,,,,,"GeForce GTX 960 (0)",,,2097152.000000,"0x20a600000","[Unified Memory Memcpy HtoD]",
10.869356,0.163776,,,,,,,,,,"GeForce GTX 960 (0)",,,2097152.000000,"0x20a800000","[Unified Memory Memcpy HtoD]",
10.869521,0.127232,,,,,,,,,,"GeForce GTX 960 (0)",,,1630208.000000,"0x20aa00000","[Unified Memory Memcpy HtoD]",
10.869972,0.061664,,,,,,,,,,"GeForce GTX 960 (0)",,,786432.000000,"0x210740000","[Unified Memory Memcpy HtoD]",
10.870096,0.162944,,,,,,,,,,"GeForce GTX 960 (0)",,,2097152.000000,"0x210800000","[Unified Memory Memcpy HtoD]",
10.870260,0.163232,,,,,,,,,,"GeForce GTX 960 (0)",,,2097152.000000,"0x210a00000","[Unified Memory Memcpy HtoD]",
10.870425,0.163168,,,,,,,,,,"GeForce GTX 960 (0)",,,2097152.000000,"0x210c00000","[Unified Memory Memcpy HtoD]",
10.870589,0.163040,,,,,,,,,,"GeForce GTX 960 (0)",,,2097152.000000,"0x210e00000","[Unified Memory Memcpy HtoD]",
10.870754,0.162912,,,,,,,,,,"GeForce GTX 960 (0)",,,2097152.000000,"0x211000000","[Unified Memory Memcpy HtoD]",
10.870918,0.163264,,,,,,,,,,"GeForce GTX 960 (0)",,,2097152.000000,"0x211200000","[Unified Memory Memcpy HtoD]",
10.871082,0.162592,,,,,,,,,,"GeForce GTX 960 (0)",,,2097152.000000,"0x211400000","[Unified Memory Memcpy HtoD]",
10.871246,0.163680,,,,,,,,,,"GeForce GTX 960 (0)",,,2097152.000000,"0x211600000","[Unified Memory Memcpy HtoD]",
10.871411,0.163136,,,,,,,,,,"GeForce GTX 960 (0)",,,2097152.000000,"0x211800000","[Unified Memory Memcpy HtoD]",
10.871575,0.163168,,,,,,,,,,"GeForce GTX 960 (0)",,,2097152.000000,"0x211a00000","[Unified Memory Memcpy HtoD]",
10.871740,0.163136,,,,,,,,,,"GeForce GTX 960 (0)",,,2097152.000000,"0x211c00000","[Unified Memory Memcpy HtoD]",
10.871904,0.162880,,,,,,,,,,"GeForce GTX 960 (0)",,,2097152.000000,"0x211e00000","[Unified Memory Memcpy HtoD]",
10.872068,0.162912,,,,,,,,,,"GeForce GTX 960 (0)",,,2097152.000000,"0x212000000","[Unified Memory Memcpy HtoD]",
10.872232,0.163136,,,,,,,,,,"GeForce GTX 960 (0)",,,2097152.000000,"0x212200000","[Unified Memory Memcpy HtoD]",
10.872397,0.163168,,,,,,,,,,"GeForce GTX 960 (0)",,,2097152.000000,"0x212400000","[Unified Memory Memcpy HtoD]",
10.872561,0.163360,,,,,,,,,,"GeForce GTX 960 (0)",,,2097152.000000,"0x212600000","[Unified Memory Memcpy HtoD]",
10.872726,0.163232,,,,,,,,,,"GeForce GTX 960 (0)",,,2097152.000000,"0x212800000","[Unified Memory Memcpy HtoD]",
10.872890,0.163136,,,,,,,,,,"GeForce GTX 960 (0)",,,2097152.000000,"0x212a00000","[Unified Memory Memcpy HtoD]",
10.873054,0.171712,,,,,,,,,,"GeForce GTX 960 (0)",,,2097152.000000,"0x212c00000","[Unified Memory Memcpy HtoD]",
10.873227,0.163520,,,,,,,,,,"GeForce GTX 960 (0)",,,2097152.000000,"0x212e00000","[Unified Memory Memcpy HtoD]",
10.873392,0.163232,,,,,,,,,,"GeForce GTX 960 (0)",,,2097152.000000,"0x213000000","[Unified Memory Memcpy HtoD]",
10.873556,0.162848,,,,,,,,,,"GeForce GTX 960 (0)",,,2097152.000000,"0x213200000","[Unified Memory Memcpy HtoD]",
10.873721,0.162848,,,,,,,,,,"GeForce GTX 960 (0)",,,2097152.000000,"0x213400000","[Unified Memory Memcpy HtoD]",
10.873885,0.163200,,,,,,,,,,"GeForce GTX 960 (0)",,,2097152.000000,"0x213600000","[Unified Memory Memcpy HtoD]",
10.874049,0.162784,,,,,,,,,,"GeForce GTX 960 (0)",,,2097152.000000,"0x213800000","[Unified Memory Memcpy HtoD]",
10.874213,0.163584,,,,,,,,,,"GeForce GTX 960 (0)",,,2097152.000000,"0x213a00000","[Unified Memory Memcpy HtoD]",
10.874378,0.163008,,,,,,,,,,"GeForce GTX 960 (0)",,,2097152.000000,"0x213c00000","[Unified Memory Memcpy HtoD]",
10.874542,0.163008,,,,,,,,,,"GeForce GTX 960 (0)",,,2097152.000000,"0x213e00000","[Unified Memory Memcpy HtoD]",
10.874706,0.162624,,,,,,,,,,"GeForce GTX 960 (0)",,,2097152.000000,"0x214000000","[Unified Memory Memcpy HtoD]",
10.874870,0.163008,,,,,,,,,,"GeForce GTX 960 (0)",,,2097152.000000,"0x214200000","[Unified Memory Memcpy HtoD]",
10.875034,0.163008,,,,,,,,,,"GeForce GTX 960 (0)",,,2097152.000000,"0x214400000","[Unified Memory Memcpy HtoD]",
10.875199,0.162880,,,,,,,,,,"GeForce GTX 960 (0)",,,2097152.000000,"0x214600000","[Unified Memory Memcpy HtoD]",
10.875363,0.163008,,,,,,,,,,"GeForce GTX 960 (0)",,,2097152.000000,"0x214800000","[Unified Memory Memcpy HtoD]",
10.875527,0.162880,,,,,,,,,,"GeForce GTX 960 (0)",,,2097152.000000,"0x214a00000","[Unified Memory Memcpy HtoD]",
10.875691,0.162944,,,,,,,,,,"GeForce GTX 960 (0)",,,2097152.000000,"0x214c00000","[Unified Memory Memcpy HtoD]",
10.875855,0.163072,,,,,,,,,,"GeForce GTX 960 (0)",,,2097152.000000,"0x214e00000","[Unified Memory Memcpy HtoD]",
10.876020,0.163040,,,,,,,,,,"GeForce GTX 960 (0)",,,2097152.000000,"0x215000000","[Unified Memory Memcpy HtoD]",
10.876184,0.162976,,,,,,,,,,"GeForce GTX 960 (0)",,,2097152.000000,"0x215200000","[Unified Memory Memcpy HtoD]",
10.876348,0.163040,,,,,,,,,,"GeForce GTX 960 (0)",,,2097152.000000,"0x215400000","[Unified Memory Memcpy HtoD]",
10.876512,0.162976,,,,,,,,,,"GeForce GTX 960 (0)",,,2097152.000000,"0x215600000","[Unified Memory Memcpy HtoD]",
10.876676,0.163104,,,,,,,,,,"GeForce GTX 960 (0)",,,2097152.000000,"0x215800000","[Unified Memory Memcpy HtoD]",
10.876841,0.163136,,,,,,,,,,"GeForce GTX 960 (0)",,,2097152.000000,"0x215a00000","[Unified Memory Memcpy HtoD]",
10.877005,0.163008,,,,,,,,,,"GeForce GTX 960 (0)",,,2097152.000000,"0x215c00000","[Unified Memory Memcpy HtoD]",
10.877169,0.162848,,,,,,,,,,"GeForce GTX 960 (0)",,,2097152.000000,"0x215e00000","[Unified Memory Memcpy HtoD]",
10.877333,0.162720,,,,,,,,,,"GeForce GTX 960 (0)",,,2097152.000000,"0x216000000","[Unified Memory Memcpy HtoD]",
10.877497,0.066528,,,,,,,,,,"GeForce GTX 960 (0)",,,843776.000000,"0x216200000","[Unified Memory Memcpy HtoD]",
10.877565,0.122848,,,,,,,,,,"GeForce GTX 960 (0)",,,1572864.000000,"0x21be80000","[Unified Memory Memcpy HtoD]",
10.877689,0.163264,,,,,,,,,,"GeForce GTX 960 (0)",,,2097152.000000,"0x21c000000","[Unified Memory Memcpy HtoD]",
10.877854,0.163360,,,,,,,,,,"GeForce GTX 960 (0)",,,2097152.000000,"0x21c200000","[Unified Memory Memcpy HtoD]",
10.878018,0.172032,,,,,,,,,,"GeForce GTX 960 (0)",,,2097152.000000,"0x21c400000","[Unified Memory Memcpy HtoD]",
10.878192,0.163200,,,,,,,,,,"GeForce GTX 960 (0)",,,2097152.000000,"0x21c600000","[Unified Memory Memcpy HtoD]",
10.878356,0.163072,,,,,,,,,,"GeForce GTX 960 (0)",,,2097152.000000,"0x21c800000","[Unified Memory Memcpy HtoD]",
10.878520,0.162784,,,,,,,,,,"GeForce GTX 960 (0)",,,2097152.000000,"0x21ca00000","[Unified Memory Memcpy HtoD]",
10.878684,0.163200,,,,,,,,,,"GeForce GTX 960 (0)",,,2097152.000000,"0x21cc00000","[Unified Memory Memcpy HtoD]",
10.878849,0.162528,,,,,,,,,,"GeForce GTX 960 (0)",,,2097152.000000,"0x21ce00000","[Unified Memory Memcpy HtoD]",
10.879012,0.163136,,,,,,,,,,"GeForce GTX 960 (0)",,,2097152.000000,"0x21d000000","[Unified Memory Memcpy HtoD]",
10.879177,0.163712,,,,,,,,,,"GeForce GTX 960 (0)",,,2097152.000000,"0x21d200000","[Unified Memory Memcpy HtoD]",
10.879342,0.163200,,,,,,,,,,"GeForce GTX 960 (0)",,,2097152.000000,"0x21d400000","[Unified Memory Memcpy HtoD]",
10.879506,0.163104,,,,,,,,,,"GeForce GTX 960 (0)",,,2097152.000000,"0x21d600000","[Unified Memory Memcpy HtoD]",
10.879671,0.162848,,,,,,,,,,"GeForce GTX 960 (0)",,,2097152.000000,"0x21d800000","[Unified Memory Memcpy HtoD]",
10.879835,0.163040,,,,,,,,,,"GeForce GTX 960 (0)",,,2097152.000000,"0x21da00000","[Unified Memory Memcpy HtoD]",
10.879999,0.163360,,,,,,,,,,"GeForce GTX 960 (0)",,,2097152.000000,"0x21dc00000","[Unified Memory Memcpy HtoD]",
10.880164,0.163040,,,,,,,,,,"GeForce GTX 960 (0)",,,2097152.000000,"0x21de00000","[Unified Memory Memcpy HtoD]",
10.880328,0.163360,,,,,,,,,,"GeForce GTX 960 (0)",,,2097152.000000,"0x21e000000","[Unified Memory Memcpy HtoD]",
10.880493,0.163456,,,,,,,,,,"GeForce GTX 960 (0)",,,2097152.000000,"0x21e200000","[Unified Memory Memcpy HtoD]",
10.880657,0.162592,,,,,,,,,,"GeForce GTX 960 (0)",,,2097152.000000,"0x21e400000","[Unified Memory Memcpy HtoD]",
10.880821,0.163200,,,,,,,,,,"GeForce GTX 960 (0)",,,2097152.000000,"0x21e600000","[Unified Memory Memcpy HtoD]",
10.880986,0.162880,,,,,,,,,,"GeForce GTX 960 (0)",,,2097152.000000,"0x21e800000","[Unified Memory Memcpy HtoD]",
10.881150,0.163168,,,,,,,,,,"GeForce GTX 960 (0)",,,2097152.000000,"0x21ea00000","[Unified Memory Memcpy HtoD]",
10.881314,0.163008,,,,,,,,,,"GeForce GTX 960 (0)",,,2097152.000000,"0x21ec00000","[Unified Memory Memcpy HtoD]",
10.881478,0.163232,,,,,,,,,,"GeForce GTX 960 (0)",,,2097152.000000,"0x21ee00000","[Unified Memory Memcpy HtoD]",
10.881643,0.163168,,,,,,,,,,"GeForce GTX 960 (0)",,,2097152.000000,"0x21f000000","[Unified Memory Memcpy HtoD]",
10.881807,0.163040,,,,,,,,,,"GeForce GTX 960 (0)",,,2097152.000000,"0x21f200000","[Unified Memory Memcpy HtoD]",
10.881972,0.163008,,,,,,,,,,"GeForce GTX 960 (0)",,,2097152.000000,"0x21f400000","[Unified Memory Memcpy HtoD]",
10.882136,0.163008,,,,,,,,,,"GeForce GTX 960 (0)",,,2097152.000000,"0x21f600000","[Unified Memory Memcpy HtoD]",
10.882300,0.163136,,,,,,,,,,"GeForce GTX 960 (0)",,,2097152.000000,"0x21f800000","[Unified Memory Memcpy HtoD]",
10.882464,0.163328,,,,,,,,,,"GeForce GTX 960 (0)",,,2097152.000000,"0x21fa00000","[Unified Memory Memcpy HtoD]",
10.882629,0.162944,,,,,,,,,,"GeForce GTX 960 (0)",,,2097152.000000,"0x21fc00000","[Unified Memory Memcpy HtoD]",
10.882793,0.163456,,,,,,,,,,"GeForce GTX 960 (0)",,,2097152.000000,"0x21fe00000","[Unified Memory Memcpy HtoD]",
10.882958,0.171968,,,,,,,,,,"GeForce GTX 960 (0)",,,2097152.000000,"0x220000000","[Unified Memory Memcpy HtoD]",
10.883131,0.163104,,,,,,,,,,"GeForce GTX 960 (0)",,,2097152.000000,"0x220200000","[Unified Memory Memcpy HtoD]",
10.883295,0.162816,,,,,,,,,,"GeForce GTX 960 (0)",,,2097152.000000,"0x220400000","[Unified Memory Memcpy HtoD]",
10.883459,0.162912,,,,,,,,,,"GeForce GTX 960 (0)",,,2097152.000000,"0x220600000","[Unified Memory Memcpy HtoD]",
10.883623,0.162848,,,,,,,,,,"GeForce GTX 960 (0)",,,2097152.000000,"0x220800000","[Unified Memory Memcpy HtoD]",
10.883787,0.163360,,,,,,,,,,"GeForce GTX 960 (0)",,,2097152.000000,"0x220a00000","[Unified Memory Memcpy HtoD]",
10.883952,0.163520,,,,,,,,,,"GeForce GTX 960 (0)",,,2097152.000000,"0x220c00000","[Unified Memory Memcpy HtoD]",
10.884117,0.163072,,,,,,,,,,"GeForce GTX 960 (0)",,,2097152.000000,"0x220e00000","[Unified Memory Memcpy HtoD]",
10.884281,0.163072,,,,,,,,,,"GeForce GTX 960 (0)",,,2097152.000000,"0x221000000","[Unified Memory Memcpy HtoD]",
10.884445,0.162592,,,,,,,,,,"GeForce GTX 960 (0)",,,2097152.000000,"0x221200000","[Unified Memory Memcpy HtoD]",
10.884609,0.163392,,,,,,,,,,"GeForce GTX 960 (0)",,,2097152.000000,"0x221400000","[Unified Memory Memcpy HtoD]",
10.884774,0.162880,,,,,,,,,,"GeForce GTX 960 (0)",,,2097152.000000,"0x221600000","[Unified Memory Memcpy HtoD]",
10.884938,0.163136,,,,,,,,,,"GeForce GTX 960 (0)",,,2097152.000000,"0x221800000","[Unified Memory Memcpy HtoD]",
10.885102,0.014208,,,,,,,,,,"GeForce GTX 960 (0)",,,57344.000000,"0x221a00000","[Unified Memory Memcpy HtoD]",
10.885118,0.021440,,,,,,,,,,"GeForce GTX 960 (0)",,,262144.000000,"0x2275c0000","[Unified Memory Memcpy HtoD]",
10.885140,0.162784,,,,,,,,,,"GeForce GTX 960 (0)",,,2097152.000000,"0x227600000","[Unified Memory Memcpy HtoD]",
10.885304,0.163328,,,,,,,,,,"GeForce GTX 960 (0)",,,2097152.000000,"0x227800000","[Unified Memory Memcpy HtoD]",
10.885469,0.162816,,,,,,,,,,"GeForce GTX 960 (0)",,,2097152.000000,"0x227a00000","[Unified Memory Memcpy HtoD]",
10.885633,0.162848,,,,,,,,,,"GeForce GTX 960 (0)",,,2097152.000000,"0x227c00000","[Unified Memory Memcpy HtoD]",
10.885797,0.163200,,,,,,,,,,"GeForce GTX 960 (0)",,,2097152.000000,"0x227e00000","[Unified Memory Memcpy HtoD]",
10.885961,0.163008,,,,,,,,,,"GeForce GTX 960 (0)",,,2097152.000000,"0x228000000","[Unified Memory Memcpy HtoD]",
10.886126,0.163328,,,,,,,,,,"GeForce GTX 960 (0)",,,2097152.000000,"0x228200000","[Unified Memory Memcpy HtoD]",
10.886290,0.162752,,,,,,,,,,"GeForce GTX 960 (0)",,,2097152.000000,"0x228400000","[Unified Memory Memcpy HtoD]",
10.886454,0.163072,,,,,,,,,,"GeForce GTX 960 (0)",,,2097152.000000,"0x228600000","[Unified Memory Memcpy HtoD]",
10.886618,0.163072,,,,,,,,,,"GeForce GTX 960 (0)",,,2097152.000000,"0x228800000","[Unified Memory Memcpy HtoD]",
10.886783,0.162944,,,,,,,,,,"GeForce GTX 960 (0)",,,2097152.000000,"0x228a00000","[Unified Memory Memcpy HtoD]",
10.886947,0.163456,,,,,,,,,,"GeForce GTX 960 (0)",,,2097152.000000,"0x228c00000","[Unified Memory Memcpy HtoD]",
10.887112,0.163552,,,,,,,,,,"GeForce GTX 960 (0)",,,2097152.000000,"0x228e00000","[Unified Memory Memcpy HtoD]",
10.887276,0.162848,,,,,,,,,,"GeForce GTX 960 (0)",,,2097152.000000,"0x229000000","[Unified Memory Memcpy HtoD]",
10.887440,0.173280,,,,,,,,,,"GeForce GTX 960 (0)",,,2097152.000000,"0x229200000","[Unified Memory Memcpy HtoD]",
10.887615,0.179808,,,,,,,,,,"GeForce GTX 960 (0)",,,2097152.000000,"0x229400000","[Unified Memory Memcpy HtoD]",
10.887796,0.162720,,,,,,,,,,"GeForce GTX 960 (0)",,,2097152.000000,"0x229600000","[Unified Memory Memcpy HtoD]",
10.887960,0.162944,,,,,,,,,,"GeForce GTX 960 (0)",,,2097152.000000,"0x229800000","[Unified Memory Memcpy HtoD]",
10.888124,0.163200,,,,,,,,,,"GeForce GTX 960 (0)",,,2097152.000000,"0x229a00000","[Unified Memory Memcpy HtoD]",
10.888289,0.181952,,,,,,,,,,"GeForce GTX 960 (0)",,,2097152.000000,"0x229c00000","[Unified Memory Memcpy HtoD]",
10.888472,0.163040,,,,,,,,,,"GeForce GTX 960 (0)",,,2097152.000000,"0x229e00000","[Unified Memory Memcpy HtoD]",
10.888636,0.163648,,,,,,,,,,"GeForce GTX 960 (0)",,,2097152.000000,"0x22a000000","[Unified Memory Memcpy HtoD]",
10.888801,0.163264,,,,,,,,,,"GeForce GTX 960 (0)",,,2097152.000000,"0x22a200000","[Unified Memory Memcpy HtoD]",
10.888965,0.163616,,,,,,,,,,"GeForce GTX 960 (0)",,,2097152.000000,"0x22a400000","[Unified Memory Memcpy HtoD]",
10.889130,0.163808,,,,,,,,,,"GeForce GTX 960 (0)",,,2097152.000000,"0x22a600000","[Unified Memory Memcpy HtoD]",
10.889295,0.162976,,,,,,,,,,"GeForce GTX 960 (0)",,,2097152.000000,"0x22a800000","[Unified Memory Memcpy HtoD]",
10.889459,0.163008,,,,,,,,,,"GeForce GTX 960 (0)",,,2097152.000000,"0x22aa00000","[Unified Memory Memcpy HtoD]",
10.889624,0.162560,,,,,,,,,,"GeForce GTX 960 (0)",,,2097152.000000,"0x22ac00000","[Unified Memory Memcpy HtoD]",
10.889787,0.162816,,,,,,,,,,"GeForce GTX 960 (0)",,,2097152.000000,"0x22ae00000","[Unified Memory Memcpy HtoD]",
10.889951,0.163168,,,,,,,,,,"GeForce GTX 960 (0)",,,2097152.000000,"0x22b000000","[Unified Memory Memcpy HtoD]",
10.890116,0.162880,,,,,,,,,,"GeForce GTX 960 (0)",,,2097152.000000,"0x22b200000","[Unified Memory Memcpy HtoD]",
10.890280,0.163328,,,,,,,,,,"GeForce GTX 960 (0)",,,2097152.000000,"0x22b400000","[Unified Memory Memcpy HtoD]",
10.890445,0.201280,,,,,,,,,,"GeForce GTX 960 (0)",,,2097152.000000,"0x22b600000","[Unified Memory Memcpy HtoD]",
10.890647,0.163136,,,,,,,,,,"GeForce GTX 960 (0)",,,2097152.000000,"0x22b800000","[Unified Memory Memcpy HtoD]",
10.890811,0.162688,,,,,,,,,,"GeForce GTX 960 (0)",,,2097152.000000,"0x22ba00000","[Unified Memory Memcpy HtoD]",
10.890976,0.162848,,,,,,,,,,"GeForce GTX 960 (0)",,,2097152.000000,"0x22bc00000","[Unified Memory Memcpy HtoD]",
10.891140,0.190304,,,,,,,,,,"GeForce GTX 960 (0)",,,2097152.000000,"0x22be00000","[Unified Memory Memcpy HtoD]",
10.891331,0.182080,,,,,,,,,,"GeForce GTX 960 (0)",,,2097152.000000,"0x22c000000","[Unified Memory Memcpy HtoD]",
10.891515,0.200160,,,,,,,,,,"GeForce GTX 960 (0)",,,2097152.000000,"0x22c200000","[Unified Memory Memcpy HtoD]",
10.891716,0.171776,,,,,,,,,,"GeForce GTX 960 (0)",,,2097152.000000,"0x22c400000","[Unified Memory Memcpy HtoD]",
10.891889,0.162656,,,,,,,,,,"GeForce GTX 960 (0)",,,2097152.000000,"0x22c600000","[Unified Memory Memcpy HtoD]",
10.892053,0.181920,,,,,,,,,,"GeForce GTX 960 (0)",,,2097152.000000,"0x22c800000","[Unified Memory Memcpy HtoD]",
10.892236,0.162880,,,,,,,,,,"GeForce GTX 960 (0)",,,2097152.000000,"0x22ca00000","[Unified Memory Memcpy HtoD]",
10.892400,0.163104,,,,,,,,,,"GeForce GTX 960 (0)",,,2097152.000000,"0x22cc00000","[Unified Memory Memcpy HtoD]",
10.892565,0.191072,,,,,,,,,,"GeForce GTX 960 (0)",,,2097152.000000,"0x22ce00000","[Unified Memory Memcpy HtoD]",
10.892757,0.106912,,,,,,,,,,"GeForce GTX 960 (0)",,,1368064.000000,"0x22d000000","[Unified Memory Memcpy HtoD]",
10.892865,0.082112,,,,,,,,,,"GeForce GTX 960 (0)",,,1048576.000000,"0x232d00000","[Unified Memory Memcpy HtoD]",
10.892948,0.162880,,,,,,,,,,"GeForce GTX 960 (0)",,,2097152.000000,"0x232e00000","[Unified Memory Memcpy HtoD]",
10.893112,0.162688,,,,,,,,,,"GeForce GTX 960 (0)",,,2097152.000000,"0x233000000","[Unified Memory Memcpy HtoD]",
10.893276,0.162848,,,,,,,,,,"GeForce GTX 960 (0)",,,2097152.000000,"0x233200000","[Unified Memory Memcpy HtoD]",
10.893440,0.174208,,,,,,,,,,"GeForce GTX 960 (0)",,,2097152.000000,"0x233400000","[Unified Memory Memcpy HtoD]",
10.893616,0.171776,,,,,,,,,,"GeForce GTX 960 (0)",,,2097152.000000,"0x233600000","[Unified Memory Memcpy HtoD]",
10.893789,0.163520,,,,,,,,,,"GeForce GTX 960 (0)",,,2097152.000000,"0x233800000","[Unified Memory Memcpy HtoD]",
10.893954,0.162880,,,,,,,,,,"GeForce GTX 960 (0)",,,2097152.000000,"0x233a00000","[Unified Memory Memcpy HtoD]",
10.894118,0.162976,,,,,,,,,,"GeForce GTX 960 (0)",,,2097152.000000,"0x233c00000","[Unified Memory Memcpy HtoD]",
10.894282,0.163008,,,,,,,,,,"GeForce GTX 960 (0)",,,2097152.000000,"0x233e00000","[Unified Memory Memcpy HtoD]",
10.894446,0.163328,,,,,,,,,,"GeForce GTX 960 (0)",,,2097152.000000,"0x234000000","[Unified Memory Memcpy HtoD]",
10.894611,0.163424,,,,,,,,,,"GeForce GTX 960 (0)",,,2097152.000000,"0x234200000","[Unified Memory Memcpy HtoD]",
10.894775,0.182144,,,,,,,,,,"GeForce GTX 960 (0)",,,2097152.000000,"0x234400000","[Unified Memory Memcpy HtoD]",
10.894959,0.181888,,,,,,,,,,"GeForce GTX 960 (0)",,,2097152.000000,"0x234600000","[Unified Memory Memcpy HtoD]",
10.895142,0.162816,,,,,,,,,,"GeForce GTX 960 (0)",,,2097152.000000,"0x234800000","[Unified Memory Memcpy HtoD]",
10.895306,0.182368,,,,,,,,,,"GeForce GTX 960 (0)",,,2097152.000000,"0x234a00000","[Unified Memory Memcpy HtoD]",
10.895490,0.162880,,,,,,,,,,"GeForce GTX 960 (0)",,,2097152.000000,"0x234c00000","[Unified Memory Memcpy HtoD]",
10.895654,0.163552,,,,,,,,,,"GeForce GTX 960 (0)",,,2097152.000000,"0x234e00000","[Unified Memory Memcpy HtoD]",
10.895818,0.163264,,,,,,,,,,"GeForce GTX 960 (0)",,,2097152.000000,"0x235000000","[Unified Memory Memcpy HtoD]",
10.895983,0.162912,,,,,,,,,,"GeForce GTX 960 (0)",,,2097152.000000,"0x235200000","[Unified Memory Memcpy HtoD]",
10.896147,0.163008,,,,,,,,,,"GeForce GTX 960 (0)",,,2097152.000000,"0x235400000","[Unified Memory Memcpy HtoD]",
10.896311,0.163520,,,,,,,,,,"GeForce GTX 960 (0)",,,2097152.000000,"0x235600000","[Unified Memory Memcpy HtoD]",
10.896476,0.182112,,,,,,,,,,"GeForce GTX 960 (0)",,,2097152.000000,"0x235800000","[Unified Memory Memcpy HtoD]",
10.896659,0.171552,,,,,,,,,,"GeForce GTX 960 (0)",,,2097152.000000,"0x235a00000","[Unified Memory Memcpy HtoD]",
10.896832,0.162720,,,,,,,,,,"GeForce GTX 960 (0)",,,2097152.000000,"0x235c00000","[Unified Memory Memcpy HtoD]",
10.896996,0.163680,,,,,,,,,,"GeForce GTX 960 (0)",,,2097152.000000,"0x235e00000","[Unified Memory Memcpy HtoD]",
10.897161,0.162688,,,,,,,,,,"GeForce GTX 960 (0)",,,2097152.000000,"0x236000000","[Unified Memory Memcpy HtoD]",
10.897325,0.163104,,,,,,,,,,"GeForce GTX 960 (0)",,,2097152.000000,"0x236200000","[Unified Memory Memcpy HtoD]",
10.897489,0.162496,,,,,,,,,,"GeForce GTX 960 (0)",,,2097152.000000,"0x236400000","[Unified Memory Memcpy HtoD]",
10.897653,0.163232,,,,,,,,,,"GeForce GTX 960 (0)",,,2097152.000000,"0x236600000","[Unified Memory Memcpy HtoD]",
10.897817,0.163360,,,,,,,,,,"GeForce GTX 960 (0)",,,2097152.000000,"0x236800000","[Unified Memory Memcpy HtoD]",
10.897982,0.163552,,,,,,,,,,"GeForce GTX 960 (0)",,,2097152.000000,"0x236a00000","[Unified Memory Memcpy HtoD]",
10.898147,0.163328,,,,,,,,,,"GeForce GTX 960 (0)",,,2097152.000000,"0x236c00000","[Unified Memory Memcpy HtoD]",
10.898311,0.181824,,,,,,,,,,"GeForce GTX 960 (0)",,,2097152.000000,"0x236e00000","[Unified Memory Memcpy HtoD]",
10.898495,0.171584,,,,,,,,,,"GeForce GTX 960 (0)",,,2097152.000000,"0x237000000","[Unified Memory Memcpy HtoD]",
10.898667,0.163008,,,,,,,,,,"GeForce GTX 960 (0)",,,2097152.000000,"0x237200000","[Unified Memory Memcpy HtoD]",
10.898832,0.163136,,,,,,,,,,"GeForce GTX 960 (0)",,,2097152.000000,"0x237400000","[Unified Memory Memcpy HtoD]",
10.898996,0.181696,,,,,,,,,,"GeForce GTX 960 (0)",,,2097152.000000,"0x237600000","[Unified Memory Memcpy HtoD]",
10.899179,0.163488,,,,,,,,,,"GeForce GTX 960 (0)",,,2097152.000000,"0x237800000","[Unified Memory Memcpy HtoD]",
10.899344,0.163104,,,,,,,,,,"GeForce GTX 960 (0)",,,2097152.000000,"0x237a00000","[Unified Memory Memcpy HtoD]",
10.899508,0.181504,,,,,,,,,,"GeForce GTX 960 (0)",,,2097152.000000,"0x237c00000","[Unified Memory Memcpy HtoD]",
10.899691,0.163488,,,,,,,,,,"GeForce GTX 960 (0)",,,2097152.000000,"0x237e00000","[Unified Memory Memcpy HtoD]",
10.899855,0.163072,,,,,,,,,,"GeForce GTX 960 (0)",,,2097152.000000,"0x238000000","[Unified Memory Memcpy HtoD]",
10.900020,0.181888,,,,,,,,,,"GeForce GTX 960 (0)",,,2097152.000000,"0x238200000","[Unified Memory Memcpy HtoD]",
10.900203,0.162848,,,,,,,,,,"GeForce GTX 960 (0)",,,2097152.000000,"0x238400000","[Unified Memory Memcpy HtoD]",
10.900367,0.163264,,,,,,,,,,"GeForce GTX 960 (0)",,,2097152.000000,"0x238600000","[Unified Memory Memcpy HtoD]",
10.900531,0.045888,,,,,,,,,,"GeForce GTX 960 (0)",,,581632.000000,"0x238800000","[Unified Memory Memcpy HtoD]",
10.900578,0.142784,,,,,,,,,,"GeForce GTX 960 (0)",,,1835008.000000,"0x23e440000","[Unified Memory Memcpy HtoD]",
10.900723,0.190560,,,,,,,,,,"GeForce GTX 960 (0)",,,2097152.000000,"0x23e600000","[Unified Memory Memcpy HtoD]",
10.900914,0.163264,,,,,,,,,,"GeForce GTX 960 (0)",,,2097152.000000,"0x23e800000","[Unified Memory Memcpy HtoD]",
10.901079,0.163104,,,,,,,,,,"GeForce GTX 960 (0)",,,2097152.000000,"0x23ea00000","[Unified Memory Memcpy HtoD]",
10.901243,0.162752,,,,,,,,,,"GeForce GTX 960 (0)",,,2097152.000000,"0x23ec00000","[Unified Memory Memcpy HtoD]",
10.901407,0.162784,,,,,,,,,,"GeForce GTX 960 (0)",,,2097152.000000,"0x23ee00000","[Unified Memory Memcpy HtoD]",
10.901571,0.182080,,,,,,,,,,"GeForce GTX 960 (0)",,,2097152.000000,"0x23f000000","[Unified Memory Memcpy HtoD]",
10.901754,0.163296,,,,,,,,,,"GeForce GTX 960 (0)",,,2097152.000000,"0x23f200000","[Unified Memory Memcpy HtoD]",
10.901919,0.163296,,,,,,,,,,"GeForce GTX 960 (0)",,,2097152.000000,"0x23f400000","[Unified Memory Memcpy HtoD]",
10.902083,0.163552,,,,,,,,,,"GeForce GTX 960 (0)",,,2097152.000000,"0x23f600000","[Unified Memory Memcpy HtoD]",
10.902248,0.162880,,,,,,,,,,"GeForce GTX 960 (0)",,,2097152.000000,"0x23f800000","[Unified Memory Memcpy HtoD]",
10.902412,0.163104,,,,,,,,,,"GeForce GTX 960 (0)",,,2097152.000000,"0x23fa00000","[Unified Memory Memcpy HtoD]",
10.902577,0.200320,,,,,,,,,,"GeForce GTX 960 (0)",,,2097152.000000,"0x23fc00000","[Unified Memory Memcpy HtoD]",
10.902778,0.181664,,,,,,,,,,"GeForce GTX 960 (0)",,,2097152.000000,"0x23fe00000","[Unified Memory Memcpy HtoD]",
10.902961,0.163200,,,,,,,,,,"GeForce GTX 960 (0)",,,2097152.000000,"0x240000000","[Unified Memory Memcpy HtoD]",
10.903125,0.163008,,,,,,,,,,"GeForce GTX 960 (0)",,,2097152.000000,"0x240200000","[Unified Memory Memcpy HtoD]",
10.903290,0.163232,,,,,,,,,,"GeForce GTX 960 (0)",,,2097152.000000,"0x240400000","[Unified Memory Memcpy HtoD]",
10.903454,0.163200,,,,,,,,,,"GeForce GTX 960 (0)",,,2097152.000000,"0x240600000","[Unified Memory Memcpy HtoD]",
10.903619,0.181920,,,,,,,,,,"GeForce GTX 960 (0)",,,2097152.000000,"0x240800000","[Unified Memory Memcpy HtoD]",
10.903802,0.163232,,,,,,,,,,"GeForce GTX 960 (0)",,,2097152.000000,"0x240a00000","[Unified Memory Memcpy HtoD]",
10.903966,0.162688,,,,,,,,,,"GeForce GTX 960 (0)",,,2097152.000000,"0x240c00000","[Unified Memory Memcpy HtoD]",
10.904130,0.163488,,,,,,,,,,"GeForce GTX 960 (0)",,,2097152.000000,"0x240e00000","[Unified Memory Memcpy HtoD]",
10.904295,0.162880,,,,,,,,,,"GeForce GTX 960 (0)",,,2097152.000000,"0x241000000","[Unified Memory Memcpy HtoD]",
10.904459,0.181632,,,,,,,,,,"GeForce GTX 960 (0)",,,2097152.000000,"0x241200000","[Unified Memory Memcpy HtoD]",
10.904642,0.162688,,,,,,,,,,"GeForce GTX 960 (0)",,,2097152.000000,"0x241400000","[Unified Memory Memcpy HtoD]",
10.904806,0.182336,,,,,,,,,,"GeForce GTX 960 (0)",,,2097152.000000,"0x241600000","[Unified Memory Memcpy HtoD]",
10.904989,0.163200,,,,,,,,,,"GeForce GTX 960 (0)",,,2097152.000000,"0x241800000","[Unified Memory Memcpy HtoD]",
10.905154,0.162816,,,,,,,,,,"GeForce GTX 960 (0)",,,2097152.000000,"0x241a00000","[Unified Memory Memcpy HtoD]",
10.905318,0.162912,,,,,,,,,,"GeForce GTX 960 (0)",,,2097152.000000,"0x241c00000","[Unified Memory Memcpy HtoD]",
10.905482,0.200736,,,,,,,,,,"GeForce GTX 960 (0)",,,2097152.000000,"0x241e00000","[Unified Memory Memcpy HtoD]",
10.905692,0.163392,,,,,,,,,,"GeForce GTX 960 (0)",,,2097152.000000,"0x242000000","[Unified Memory Memcpy HtoD]",
10.905857,0.163552,,,,,,,,,,"GeForce GTX 960 (0)",,,2097152.000000,"0x242200000","[Unified Memory Memcpy HtoD]",
10.906021,0.163168,,,,,,,,,,"GeForce GTX 960 (0)",,,2097152.000000,"0x242400000","[Unified Memory Memcpy HtoD]",
10.906186,0.163264,,,,,,,,,,"GeForce GTX 960 (0)",,,2097152.000000,"0x242600000","[Unified Memory Memcpy HtoD]",
10.906350,0.162720,,,,,,,,,,"GeForce GTX 960 (0)",,,2097152.000000,"0x242800000","[Unified Memory Memcpy HtoD]",
10.906514,0.182112,,,,,,,,,,"GeForce GTX 960 (0)",,,2097152.000000,"0x242a00000","[Unified Memory Memcpy HtoD]",
10.906698,0.163104,,,,,,,,,,"GeForce GTX 960 (0)",,,2097152.000000,"0x242c00000","[Unified Memory Memcpy HtoD]",
10.906862,0.163104,,,,,,,,,,"GeForce GTX 960 (0)",,,2097152.000000,"0x242e00000","[Unified Memory Memcpy HtoD]",
10.907026,0.162816,,,,,,,,,,"GeForce GTX 960 (0)",,,2097152.000000,"0x243000000","[Unified Memory Memcpy HtoD]",
10.907190,0.163264,,,,,,,,,,"GeForce GTX 960 (0)",,,2097152.000000,"0x243200000","[Unified Memory Memcpy HtoD]",
10.907355,0.181888,,,,,,,,,,"GeForce GTX 960 (0)",,,2097152.000000,"0x243400000","[Unified Memory Memcpy HtoD]",
10.907538,0.162944,,,,,,,,,,"GeForce GTX 960 (0)",,,2097152.000000,"0x243600000","[Unified Memory Memcpy HtoD]",
10.907702,0.162944,,,,,,,,,,"GeForce GTX 960 (0)",,,2097152.000000,"0x243800000","[Unified Memory Memcpy HtoD]",
10.907866,0.163168,,,,,,,,,,"GeForce GTX 960 (0)",,,2097152.000000,"0x243a00000","[Unified Memory Memcpy HtoD]",
10.908031,0.163296,,,,,,,,,,"GeForce GTX 960 (0)",,,2097152.000000,"0x243c00000","[Unified Memory Memcpy HtoD]",
10.908195,0.146720,,,,,,,,,,"GeForce GTX 960 (0)",,,1892352.000000,"0x243e00000","[Unified Memory Memcpy HtoD]",
10.908343,0.052032,,,,,,,,,,"GeForce GTX 960 (0)",,,524288.000000,"0x249b80000","[Unified Memory Memcpy HtoD]",
10.908396,0.171648,,,,,,,,,,"GeForce GTX 960 (0)",,,2097152.000000,"0x249c00000","[Unified Memory Memcpy HtoD]",
10.908569,0.181568,,,,,,,,,,"GeForce GTX 960 (0)",,,2097152.000000,"0x249e00000","[Unified Memory Memcpy HtoD]",
10.908752,0.162880,,,,,,,,,,"GeForce GTX 960 (0)",,,2097152.000000,"0x24a000000","[Unified Memory Memcpy HtoD]",
10.908916,0.163392,,,,,,,,,,"GeForce GTX 960 (0)",,,2097152.000000,"0x24a200000","[Unified Memory Memcpy HtoD]",
10.909081,0.162848,,,,,,,,,,"GeForce GTX 960 (0)",,,2097152.000000,"0x24a400000","[Unified Memory Memcpy HtoD]",
10.909245,0.163424,,,,,,,,,,"GeForce GTX 960 (0)",,,2097152.000000,"0x24a600000","[Unified Memory Memcpy HtoD]",
10.909409,0.163200,,,,,,,,,,"GeForce GTX 960 (0)",,,2097152.000000,"0x24a800000","[Unified Memory Memcpy HtoD]",
10.909574,0.181728,,,,,,,,,,"GeForce GTX 960 (0)",,,2097152.000000,"0x24aa00000","[Unified Memory Memcpy HtoD]",
10.909757,0.163168,,,,,,,,,,"GeForce GTX 960 (0)",,,2097152.000000,"0x24ac00000","[Unified Memory Memcpy HtoD]",
10.909921,0.162656,,,,,,,,,,"GeForce GTX 960 (0)",,,2097152.000000,"0x24ae00000","[Unified Memory Memcpy HtoD]",
10.910085,0.163776,,,,,,,,,,"GeForce GTX 960 (0)",,,2097152.000000,"0x24b000000","[Unified Memory Memcpy HtoD]",
10.910250,0.163232,,,,,,,,,,"GeForce GTX 960 (0)",,,2097152.000000,"0x24b200000","[Unified Memory Memcpy HtoD]",
10.910414,0.164000,,,,,,,,,,"GeForce GTX 960 (0)",,,2097152.000000,"0x24b400000","[Unified Memory Memcpy HtoD]",
10.910580,0.163680,,,,,,,,,,"GeForce GTX 960 (0)",,,2097152.000000,"0x24b600000","[Unified Memory Memcpy HtoD]",
10.910745,0.163456,,,,,,,,,,"GeForce GTX 960 (0)",,,2097152.000000,"0x24b800000","[Unified Memory Memcpy HtoD]",
10.910909,0.163392,,,,,,,,,,"GeForce GTX 960 (0)",,,2097152.000000,"0x24ba00000","[Unified Memory Memcpy HtoD]",
10.911074,0.163424,,,,,,,,,,"GeForce GTX 960 (0)",,,2097152.000000,"0x24bc00000","[Unified Memory Memcpy HtoD]",
10.911238,0.163360,,,,,,,,,,"GeForce GTX 960 (0)",,,2097152.000000,"0x24be00000","[Unified Memory Memcpy HtoD]",
10.911403,0.163360,,,,,,,,,,"GeForce GTX 960 (0)",,,2097152.000000,"0x24c000000","[Unified Memory Memcpy HtoD]",
10.911568,0.163520,,,,,,,,,,"GeForce GTX 960 (0)",,,2097152.000000,"0x24c200000","[Unified Memory Memcpy HtoD]",
10.911732,0.162496,,,,,,,,,,"GeForce GTX 960 (0)",,,2097152.000000,"0x24c400000","[Unified Memory Memcpy HtoD]",
10.911896,0.163328,,,,,,,,,,"GeForce GTX 960 (0)",,,2097152.000000,"0x24c600000","[Unified Memory Memcpy HtoD]",
10.912061,0.163072,,,,,,,,,,"GeForce GTX 960 (0)",,,2097152.000000,"0x24c800000","[Unified Memory Memcpy HtoD]",
10.912225,0.163552,,,,,,,,,,"GeForce GTX 960 (0)",,,2097152.000000,"0x24ca00000","[Unified Memory Memcpy HtoD]",
10.912390,0.162944,,,,,,,,,,"GeForce GTX 960 (0)",,,2097152.000000,"0x24cc00000","[Unified Memory Memcpy HtoD]",
10.912554,0.182368,,,,,,,,,,"GeForce GTX 960 (0)",,,2097152.000000,"0x24ce00000","[Unified Memory Memcpy HtoD]",
10.912738,0.163008,,,,,,,,,,"GeForce GTX 960 (0)",,,2097152.000000,"0x24d000000","[Unified Memory Memcpy HtoD]",
10.912902,0.163392,,,,,,,,,,"GeForce GTX 960 (0)",,,2097152.000000,"0x24d200000","[Unified Memory Memcpy HtoD]",
10.913066,0.163712,,,,,,,,,,"GeForce GTX 960 (0)",,,2097152.000000,"0x24d400000","[Unified Memory Memcpy HtoD]",
10.913232,0.163520,,,,,,,,,,"GeForce GTX 960 (0)",,,2097152.000000,"0x24d600000","[Unified Memory Memcpy HtoD]",
10.913396,0.163200,,,,,,,,,,"GeForce GTX 960 (0)",,,2097152.000000,"0x24d800000","[Unified Memory Memcpy HtoD]",
10.913561,0.163584,,,,,,,,,,"GeForce GTX 960 (0)",,,2097152.000000,"0x24da00000","[Unified Memory Memcpy HtoD]",
10.913726,0.163552,,,,,,,,,,"GeForce GTX 960 (0)",,,2097152.000000,"0x24dc00000","[Unified Memory Memcpy HtoD]",
10.913890,0.163200,,,,,,,,,,"GeForce GTX 960 (0)",,,2097152.000000,"0x24de00000","[Unified Memory Memcpy HtoD]",
10.914055,0.175200,,,,,,,,,,"GeForce GTX 960 (0)",,,2097152.000000,"0x24e000000","[Unified Memory Memcpy HtoD]",
10.914231,0.180384,,,,,,,,,,"GeForce GTX 960 (0)",,,2097152.000000,"0x24e200000","[Unified Memory Memcpy HtoD]",
10.914413,0.163328,,,,,,,,,,"GeForce GTX 960 (0)",,,2097152.000000,"0x24e400000","[Unified Memory Memcpy HtoD]",
10.914577,0.163040,,,,,,,,,,"GeForce GTX 960 (0)",,,2097152.000000,"0x24e600000","[Unified Memory Memcpy HtoD]",
10.914742,0.173568,,,,,,,,,,"GeForce GTX 960 (0)",,,2097152.000000,"0x24e800000","[Unified Memory Memcpy HtoD]",
10.914917,0.171360,,,,,,,,,,"GeForce GTX 960 (0)",,,2097152.000000,"0x24ea00000","[Unified Memory Memcpy HtoD]",
10.915089,0.163264,,,,,,,,,,"GeForce GTX 960 (0)",,,2097152.000000,"0x24ec00000","[Unified Memory Memcpy HtoD]",
10.915254,0.163552,,,,,,,,,,"GeForce GTX 960 (0)",,,2097152.000000,"0x24ee00000","[Unified Memory Memcpy HtoD]",
10.915418,0.182112,,,,,,,,,,"GeForce GTX 960 (0)",,,2097152.000000,"0x24f000000","[Unified Memory Memcpy HtoD]",
10.915602,0.162528,,,,,,,,,,"GeForce GTX 960 (0)",,,2097152.000000,"0x24f200000","[Unified Memory Memcpy HtoD]",
10.915766,0.163264,,,,,,,,,,"GeForce GTX 960 (0)",,,2097152.000000,"0x24f400000","[Unified Memory Memcpy HtoD]",
10.915930,0.086656,,,,,,,,,,"GeForce GTX 960 (0)",,,1105920.000000,"0x24f600000","[Unified Memory Memcpy HtoD]",
10.916018,0.102080,,,,,,,,,,"GeForce GTX 960 (0)",,,1310720.000000,"0x2552c0000","[Unified Memory Memcpy HtoD]",
10.916121,0.163200,,,,,,,,,,"GeForce GTX 960 (0)",,,2097152.000000,"0x255400000","[Unified Memory Memcpy HtoD]",
10.916286,0.163424,,,,,,,,,,"GeForce GTX 960 (0)",,,2097152.000000,"0x255600000","[Unified Memory Memcpy HtoD]",
10.916450,0.163520,,,,,,,,,,"GeForce GTX 960 (0)",,,2097152.000000,"0x255800000","[Unified Memory Memcpy HtoD]",
10.916615,0.162816,,,,,,,,,,"GeForce GTX 960 (0)",,,2097152.000000,"0x255a00000","[Unified Memory Memcpy HtoD]",
10.916779,0.163200,,,,,,,,,,"GeForce GTX 960 (0)",,,2097152.000000,"0x255c00000","[Unified Memory Memcpy HtoD]",
10.916944,0.190656,,,,,,,,,,"GeForce GTX 960 (0)",,,2097152.000000,"0x255e00000","[Unified Memory Memcpy HtoD]",
10.917136,0.163424,,,,,,,,,,"GeForce GTX 960 (0)",,,2097152.000000,"0x256000000","[Unified Memory Memcpy HtoD]",
10.917300,0.163328,,,,,,,,,,"GeForce GTX 960 (0)",,,2097152.000000,"0x256200000","[Unified Memory Memcpy HtoD]",
10.917465,0.163296,,,,,,,,,,"GeForce GTX 960 (0)",,,2097152.000000,"0x256400000","[Unified Memory Memcpy HtoD]",
10.917629,0.163648,,,,,,,,,,"GeForce GTX 960 (0)",,,2097152.000000,"0x256600000","[Unified Memory Memcpy HtoD]",
10.917794,0.163104,,,,,,,,,,"GeForce GTX 960 (0)",,,2097152.000000,"0x256800000","[Unified Memory Memcpy HtoD]",
10.917958,0.163616,,,,,,,,,,"GeForce GTX 960 (0)",,,2097152.000000,"0x256a00000","[Unified Memory Memcpy HtoD]",
10.918123,0.162944,,,,,,,,,,"GeForce GTX 960 (0)",,,2097152.000000,"0x256c00000","[Unified Memory Memcpy HtoD]",
10.918287,0.163552,,,,,,,,,,"GeForce GTX 960 (0)",,,2097152.000000,"0x256e00000","[Unified Memory Memcpy HtoD]",
10.918452,0.162784,,,,,,,,,,"GeForce GTX 960 (0)",,,2097152.000000,"0x257000000","[Unified Memory Memcpy HtoD]",
10.918616,0.163392,,,,,,,,,,"GeForce GTX 960 (0)",,,2097152.000000,"0x257200000","[Unified Memory Memcpy HtoD]",
10.918781,0.162976,,,,,,,,,,"GeForce GTX 960 (0)",,,2097152.000000,"0x257400000","[Unified Memory Memcpy HtoD]",
10.918945,0.163200,,,,,,,,,,"GeForce GTX 960 (0)",,,2097152.000000,"0x257600000","[Unified Memory Memcpy HtoD]",
10.919109,0.163808,,,,,,,,,,"GeForce GTX 960 (0)",,,2097152.000000,"0x257800000","[Unified Memory Memcpy HtoD]",
10.919274,0.162976,,,,,,,,,,"GeForce GTX 960 (0)",,,2097152.000000,"0x257a00000","[Unified Memory Memcpy HtoD]",
10.919439,0.163616,,,,,,,,,,"GeForce GTX 960 (0)",,,2097152.000000,"0x257c00000","[Unified Memory Memcpy HtoD]",
10.919603,0.162944,,,,,,,,,,"GeForce GTX 960 (0)",,,2097152.000000,"0x257e00000","[Unified Memory Memcpy HtoD]",
10.919768,0.163456,,,,,,,,,,"GeForce GTX 960 (0)",,,2097152.000000,"0x258000000","[Unified Memory Memcpy HtoD]",
10.919932,0.163392,,,,,,,,,,"GeForce GTX 960 (0)",,,2097152.000000,"0x258200000","[Unified Memory Memcpy HtoD]",
10.920097,0.162848,,,,,,,,,,"GeForce GTX 960 (0)",,,2097152.000000,"0x258400000","[Unified Memory Memcpy HtoD]",
10.920261,0.163296,,,,,,,,,,"GeForce GTX 960 (0)",,,2097152.000000,"0x258600000","[Unified Memory Memcpy HtoD]",
10.920425,0.163104,,,,,,,,,,"GeForce GTX 960 (0)",,,2097152.000000,"0x258800000","[Unified Memory Memcpy HtoD]",
10.920590,0.163328,,,,,,,,,,"GeForce GTX 960 (0)",,,2097152.000000,"0x258a00000","[Unified Memory Memcpy HtoD]",
10.920754,0.163968,,,,,,,,,,"GeForce GTX 960 (0)",,,2097152.000000,"0x258c00000","[Unified Memory Memcpy HtoD]",
10.920920,0.162688,,,,,,,,,,"GeForce GTX 960 (0)",,,2097152.000000,"0x258e00000","[Unified Memory Memcpy HtoD]",
10.921083,0.190848,,,,,,,,,,"GeForce GTX 960 (0)",,,2097152.000000,"0x259000000","[Unified Memory Memcpy HtoD]",
10.921276,0.170976,,,,,,,,,,"GeForce GTX 960 (0)",,,2097152.000000,"0x259200000","[Unified Memory Memcpy HtoD]",
10.921448,0.163648,,,,,,,,,,"GeForce GTX 960 (0)",,,2097152.000000,"0x259400000","[Unified Memory Memcpy HtoD]",
10.921613,0.163424,,,,,,,,,,"GeForce GTX 960 (0)",,,2097152.000000,"0x259600000","[Unified Memory Memcpy HtoD]",
10.921777,0.163296,,,,,,,,,,"GeForce GTX 960 (0)",,,2097152.000000,"0x259800000","[Unified Memory Memcpy HtoD]",
10.921942,0.163264,,,,,,,,,,"GeForce GTX 960 (0)",,,2097152.000000,"0x259a00000","[Unified Memory Memcpy HtoD]",
10.922106,0.162624,,,,,,,,,,"GeForce GTX 960 (0)",,,2097152.000000,"0x259c00000","[Unified Memory Memcpy HtoD]",
10.922270,0.163488,,,,,,,,,,"GeForce GTX 960 (0)",,,2097152.000000,"0x259e00000","[Unified Memory Memcpy HtoD]",
10.922435,0.163616,,,,,,,,,,"GeForce GTX 960 (0)",,,2097152.000000,"0x25a000000","[Unified Memory Memcpy HtoD]",
10.922600,0.163072,,,,,,,,,,"GeForce GTX 960 (0)",,,2097152.000000,"0x25a200000","[Unified Memory Memcpy HtoD]",
10.922764,0.163008,,,,,,,,,,"GeForce GTX 960 (0)",,,2097152.000000,"0x25a400000","[Unified Memory Memcpy HtoD]",
10.922928,0.163520,,,,,,,,,,"GeForce GTX 960 (0)",,,2097152.000000,"0x25a600000","[Unified Memory Memcpy HtoD]",
10.923093,0.162560,,,,,,,,,,"GeForce GTX 960 (0)",,,2097152.000000,"0x25a800000","[Unified Memory Memcpy HtoD]",
10.923257,0.163392,,,,,,,,,,"GeForce GTX 960 (0)",,,2097152.000000,"0x25aa00000","[Unified Memory Memcpy HtoD]",
10.923421,0.163200,,,,,,,,,,"GeForce GTX 960 (0)",,,2097152.000000,"0x25ac00000","[Unified Memory Memcpy HtoD]",
10.923586,0.025952,,,,,,,,,,"GeForce GTX 960 (0)",,,319488.000000,"0x25ae00000","[Unified Memory Memcpy HtoD]",
10.923613,0.163200,,,,,,,,,,"GeForce GTX 960 (0)",,,2097152.000000,"0x260a00000","[Unified Memory Memcpy HtoD]",
10.923778,0.163104,,,,,,,,,,"GeForce GTX 960 (0)",,,2097152.000000,"0x260c00000","[Unified Memory Memcpy HtoD]",
10.923942,0.163360,,,,,,,,,,"GeForce GTX 960 (0)",,,2097152.000000,"0x260e00000","[Unified Memory Memcpy HtoD]",
10.924107,0.163040,,,,,,,,,,"GeForce GTX 960 (0)",,,2097152.000000,"0x261000000","[Unified Memory Memcpy HtoD]",
10.924271,0.163456,,,,,,,,,,"GeForce GTX 960 (0)",,,2097152.000000,"0x261200000","[Unified Memory Memcpy HtoD]",
10.924436,0.162720,,,,,,,,,,"GeForce GTX 960 (0)",,,2097152.000000,"0x261400000","[Unified Memory Memcpy HtoD]",
10.924599,0.163328,,,,,,,,,,"GeForce GTX 960 (0)",,,2097152.000000,"0x261600000","[Unified Memory Memcpy HtoD]",
10.924764,0.162976,,,,,,,,,,"GeForce GTX 960 (0)",,,2097152.000000,"0x261800000","[Unified Memory Memcpy HtoD]",
10.924928,0.162688,,,,,,,,,,"GeForce GTX 960 (0)",,,2097152.000000,"0x261a00000","[Unified Memory Memcpy HtoD]",
10.925092,0.163488,,,,,,,,,,"GeForce GTX 960 (0)",,,2097152.000000,"0x261c00000","[Unified Memory Memcpy HtoD]",
10.925257,0.163200,,,,,,,,,,"GeForce GTX 960 (0)",,,2097152.000000,"0x261e00000","[Unified Memory Memcpy HtoD]",
10.925421,0.163008,,,,,,,,,,"GeForce GTX 960 (0)",,,2097152.000000,"0x262000000","[Unified Memory Memcpy HtoD]",
10.925586,0.162976,,,,,,,,,,"GeForce GTX 960 (0)",,,2097152.000000,"0x262200000","[Unified Memory Memcpy HtoD]",
10.925750,0.163424,,,,,,,,,,"GeForce GTX 960 (0)",,,2097152.000000,"0x262400000","[Unified Memory Memcpy HtoD]",
10.925914,0.162720,,,,,,,,,,"GeForce GTX 960 (0)",,,2097152.000000,"0x262600000","[Unified Memory Memcpy HtoD]",
10.926078,0.163552,,,,,,,,,,"GeForce GTX 960 (0)",,,2097152.000000,"0x262800000","[Unified Memory Memcpy HtoD]",
10.926243,0.163200,,,,,,,,,,"GeForce GTX 960 (0)",,,2097152.000000,"0x262a00000","[Unified Memory Memcpy HtoD]",
10.926408,0.163040,,,,,,,,,,"GeForce GTX 960 (0)",,,2097152.000000,"0x262c00000","[Unified Memory Memcpy HtoD]",
10.926572,0.162848,,,,,,,,,,"GeForce GTX 960 (0)",,,2097152.000000,"0x262e00000","[Unified Memory Memcpy HtoD]",
10.926736,0.163168,,,,,,,,,,"GeForce GTX 960 (0)",,,2097152.000000,"0x263000000","[Unified Memory Memcpy HtoD]",
10.926900,0.163296,,,,,,,,,,"GeForce GTX 960 (0)",,,2097152.000000,"0x263200000","[Unified Memory Memcpy HtoD]",
10.927065,0.190208,,,,,,,,,,"GeForce GTX 960 (0)",,,2097152.000000,"0x263400000","[Unified Memory Memcpy HtoD]",
10.927256,0.163392,,,,,,,,,,"GeForce GTX 960 (0)",,,2097152.000000,"0x263600000","[Unified Memory Memcpy HtoD]",
10.927421,0.163072,,,,,,,,,,"GeForce GTX 960 (0)",,,2097152.000000,"0x263800000","[Unified Memory Memcpy HtoD]",
10.927585,0.162880,,,,,,,,,,"GeForce GTX 960 (0)",,,2097152.000000,"0x263a00000","[Unified Memory Memcpy HtoD]",
10.927749,0.163392,,,,,,,,,,"GeForce GTX 960 (0)",,,2097152.000000,"0x263c00000","[Unified Memory Memcpy HtoD]",
10.927914,0.163008,,,,,,,,,,"GeForce GTX 960 (0)",,,2097152.000000,"0x263e00000","[Unified Memory Memcpy HtoD]",
10.928078,0.163488,,,,,,,,,,"GeForce GTX 960 (0)",,,2097152.000000,"0x264000000","[Unified Memory Memcpy HtoD]",
10.928243,0.163360,,,,,,,,,,"GeForce GTX 960 (0)",,,2097152.000000,"0x264200000","[Unified Memory Memcpy HtoD]",
10.928408,0.163424,,,,,,,,,,"GeForce GTX 960 (0)",,,2097152.000000,"0x264400000","[Unified Memory Memcpy HtoD]",
10.928572,0.163040,,,,,,,,,,"GeForce GTX 960 (0)",,,2097152.000000,"0x264600000","[Unified Memory Memcpy HtoD]",
10.928736,0.181792,,,,,,,,,,"GeForce GTX 960 (0)",,,2097152.000000,"0x264800000","[Unified Memory Memcpy HtoD]",
10.928919,0.172128,,,,,,,,,,"GeForce GTX 960 (0)",,,2097152.000000,"0x264a00000","[Unified Memory Memcpy HtoD]",
10.929093,0.191136,,,,,,,,,,"GeForce GTX 960 (0)",,,2097152.000000,"0x264c00000","[Unified Memory Memcpy HtoD]",
10.929285,0.163488,,,,,,,,,,"GeForce GTX 960 (0)",,,2097152.000000,"0x264e00000","[Unified Memory Memcpy HtoD]",
10.929450,0.163200,,,,,,,,,,"GeForce GTX 960 (0)",,,2097152.000000,"0x265000000","[Unified Memory Memcpy HtoD]",
10.929614,0.163424,,,,,,,,,,"GeForce GTX 960 (0)",,,2097152.000000,"0x265200000","[Unified Memory Memcpy HtoD]",
10.929779,0.163488,,,,,,,,,,"GeForce GTX 960 (0)",,,2097152.000000,"0x265400000","[Unified Memory Memcpy HtoD]",
10.929944,0.163328,,,,,,,,,,"GeForce GTX 960 (0)",,,2097152.000000,"0x265600000","[Unified Memory Memcpy HtoD]",
10.930108,0.162592,,,,,,,,,,"GeForce GTX 960 (0)",,,2097152.000000,"0x265800000","[Unified Memory Memcpy HtoD]",
10.930272,0.162944,,,,,,,,,,"GeForce GTX 960 (0)",,,2097152.000000,"0x265a00000","[Unified Memory Memcpy HtoD]",
10.930436,0.163392,,,,,,,,,,"GeForce GTX 960 (0)",,,2097152.000000,"0x265c00000","[Unified Memory Memcpy HtoD]",
10.930601,0.181792,,,,,,,,,,"GeForce GTX 960 (0)",,,2097152.000000,"0x265e00000","[Unified Memory Memcpy HtoD]",
10.930784,0.162720,,,,,,,,,,"GeForce GTX 960 (0)",,,2097152.000000,"0x266000000","[Unified Memory Memcpy HtoD]",
10.930948,0.163360,,,,,,,,,,"GeForce GTX 960 (0)",,,2097152.000000,"0x266200000","[Unified Memory Memcpy HtoD]",
10.931112,0.126880,,,,,,,,,,"GeForce GTX 960 (0)",,,1630208.000000,"0x266400000","[Unified Memory Memcpy HtoD]",
10.931241,0.062016,,,,,,,,,,"GeForce GTX 960 (0)",,,786432.000000,"0x26c140000","[Unified Memory Memcpy HtoD]",
10.931304,0.163168,,,,,,,,,,"GeForce GTX 960 (0)",,,2097152.000000,"0x26c200000","[Unified Memory Memcpy HtoD]",
10.931468,0.163232,,,,,,,,,,"GeForce GTX 960 (0)",,,2097152.000000,"0x26c400000","[Unified Memory Memcpy HtoD]",
10.931633,0.163136,,,,,,,,,,"GeForce GTX 960 (0)",,,2097152.000000,"0x26c600000","[Unified Memory Memcpy HtoD]",
10.931797,0.163264,,,,,,,,,,"GeForce GTX 960 (0)",,,2097152.000000,"0x26c800000","[Unified Memory Memcpy HtoD]",
10.931961,0.163296,,,,,,,,,,"GeForce GTX 960 (0)",,,2097152.000000,"0x26ca00000","[Unified Memory Memcpy HtoD]",
10.932126,0.163616,,,,,,,,,,"GeForce GTX 960 (0)",,,2097152.000000,"0x26cc00000","[Unified Memory Memcpy HtoD]",
10.932291,0.163584,,,,,,,,,,"GeForce GTX 960 (0)",,,2097152.000000,"0x26ce00000","[Unified Memory Memcpy HtoD]",
10.932456,0.163136,,,,,,,,,,"GeForce GTX 960 (0)",,,2097152.000000,"0x26d000000","[Unified Memory Memcpy HtoD]",
10.932620,0.163808,,,,,,,,,,"GeForce GTX 960 (0)",,,2097152.000000,"0x26d200000","[Unified Memory Memcpy HtoD]",
10.932785,0.163104,,,,,,,,,,"GeForce GTX 960 (0)",,,2097152.000000,"0x26d400000","[Unified Memory Memcpy HtoD]",
10.932949,0.162720,,,,,,,,,,"GeForce GTX 960 (0)",,,2097152.000000,"0x26d600000","[Unified Memory Memcpy HtoD]",
10.933113,0.162944,,,,,,,,,,"GeForce GTX 960 (0)",,,2097152.000000,"0x26d800000","[Unified Memory Memcpy HtoD]",
10.933277,0.163232,,,,,,,,,,"GeForce GTX 960 (0)",,,2097152.000000,"0x26da00000","[Unified Memory Memcpy HtoD]",
10.933442,0.163360,,,,,,,,,,"GeForce GTX 960 (0)",,,2097152.000000,"0x26dc00000","[Unified Memory Memcpy HtoD]",
10.933606,0.163264,,,,,,,,,,"GeForce GTX 960 (0)",,,2097152.000000,"0x26de00000","[Unified Memory Memcpy HtoD]",
10.933771,0.163168,,,,,,,,,,"GeForce GTX 960 (0)",,,2097152.000000,"0x26e000000","[Unified Memory Memcpy HtoD]",
10.933935,0.163104,,,,,,,,,,"GeForce GTX 960 (0)",,,2097152.000000,"0x26e200000","[Unified Memory Memcpy HtoD]",
10.934100,0.163264,,,,,,,,,,"GeForce GTX 960 (0)",,,2097152.000000,"0x26e400000","[Unified Memory Memcpy HtoD]",
10.934264,0.162592,,,,,,,,,,"GeForce GTX 960 (0)",,,2097152.000000,"0x26e600000","[Unified Memory Memcpy HtoD]",
10.934428,0.163424,,,,,,,,,,"GeForce GTX 960 (0)",,,2097152.000000,"0x26e800000","[Unified Memory Memcpy HtoD]",
10.934593,0.162976,,,,,,,,,,"GeForce GTX 960 (0)",,,2097152.000000,"0x26ea00000","[Unified Memory Memcpy HtoD]",
10.934757,0.162592,,,,,,,,,,"GeForce GTX 960 (0)",,,2097152.000000,"0x26ec00000","[Unified Memory Memcpy HtoD]",
10.934921,0.163360,,,,,,,,,,"GeForce GTX 960 (0)",,,2097152.000000,"0x26ee00000","[Unified Memory Memcpy HtoD]",
10.935085,0.163360,,,,,,,,,,"GeForce GTX 960 (0)",,,2097152.000000,"0x26f000000","[Unified Memory Memcpy HtoD]",
10.935250,0.163232,,,,,,,,,,"GeForce GTX 960 (0)",,,2097152.000000,"0x26f200000","[Unified Memory Memcpy HtoD]",
10.935414,0.163296,,,,,,,,,,"GeForce GTX 960 (0)",,,2097152.000000,"0x26f400000","[Unified Memory Memcpy HtoD]",
10.935579,0.163296,,,,,,,,,,"GeForce GTX 960 (0)",,,2097152.000000,"0x26f600000","[Unified Memory Memcpy HtoD]",
10.935743,0.162528,,,,,,,,,,"GeForce GTX 960 (0)",,,2097152.000000,"0x26f800000","[Unified Memory Memcpy HtoD]",
10.935907,0.163520,,,,,,,,,,"GeForce GTX 960 (0)",,,2097152.000000,"0x26fa00000","[Unified Memory Memcpy HtoD]",
10.936072,0.163392,,,,,,,,,,"GeForce GTX 960 (0)",,,2097152.000000,"0x26fc00000","[Unified Memory Memcpy HtoD]",
10.936236,0.163264,,,,,,,,,,"GeForce GTX 960 (0)",,,2097152.000000,"0x26fe00000","[Unified Memory Memcpy HtoD]",
10.936401,0.162496,,,,,,,,,,"GeForce GTX 960 (0)",,,2097152.000000,"0x270000000","[Unified Memory Memcpy HtoD]",
10.936565,0.162656,,,,,,,,,,"GeForce GTX 960 (0)",,,2097152.000000,"0x270200000","[Unified Memory Memcpy HtoD]",
10.936729,0.162464,,,,,,,,,,"GeForce GTX 960 (0)",,,2097152.000000,"0x270400000","[Unified Memory Memcpy HtoD]",
10.936892,0.163072,,,,,,,,,,"GeForce GTX 960 (0)",,,2097152.000000,"0x270600000","[Unified Memory Memcpy HtoD]",
10.937056,0.163424,,,,,,,,,,"GeForce GTX 960 (0)",,,2097152.000000,"0x270800000","[Unified Memory Memcpy HtoD]",
10.937221,0.163424,,,,,,,,,,"GeForce GTX 960 (0)",,,2097152.000000,"0x270a00000","[Unified Memory Memcpy HtoD]",
10.937386,0.163360,,,,,,,,,,"GeForce GTX 960 (0)",,,2097152.000000,"0x270c00000","[Unified Memory Memcpy HtoD]",
10.937550,0.162688,,,,,,,,,,"GeForce GTX 960 (0)",,,2097152.000000,"0x270e00000","[Unified Memory Memcpy HtoD]",
10.937714,0.163264,,,,,,,,,,"GeForce GTX 960 (0)",,,2097152.000000,"0x271000000","[Unified Memory Memcpy HtoD]",
10.937879,0.173120,,,,,,,,,,"GeForce GTX 960 (0)",,,2097152.000000,"0x271200000","[Unified Memory Memcpy HtoD]",
10.938053,0.171616,,,,,,,,,,"GeForce GTX 960 (0)",,,2097152.000000,"0x271400000","[Unified Memory Memcpy HtoD]",
10.938226,0.162848,,,,,,,,,,"GeForce GTX 960 (0)",,,2097152.000000,"0x271600000","[Unified Memory Memcpy HtoD]",
10.938390,0.163488,,,,,,,,,,"GeForce GTX 960 (0)",,,2097152.000000,"0x271800000","[Unified Memory Memcpy HtoD]",
10.938555,0.163488,,,,,,,,,,"GeForce GTX 960 (0)",,,2097152.000000,"0x271a00000","[Unified Memory Memcpy HtoD]",
10.938720,0.066528,,,,,,,,,,"GeForce GTX 960 (0)",,,843776.000000,"0x271c00000","[Unified Memory Memcpy HtoD]",
10.938857,53.081700,176,1,1,32,1,1,38,0,0,"GeForce GTX 960 (0)","1","24",,,"bs",9
10.940725,101.423654,176,1,1,32,1,1,38,0,0,"GeForce GTX 960 (0)","1","26",,,"bs",29
10.991199,98.265508,176,1,1,32,1,1,38,0,0,"GeForce GTX 960 (0)","1","28",,,"bs",49
10.992674,,,,,,,,,,,,,,"PC 0x9b54b78e","0x20aba0000","[Unified Memory CPU page faults]",
10.992916,0.002688,,,,,,,,,,"GeForce GTX 960 (0)",,,4096.000000,"0x20aba0000","[Unified Memory Memcpy DtoH]",
10.992919,0.069856,,,,,,,,,,"GeForce GTX 960 (0)",,,61440.000000,"0x20aba1000","[Unified Memory Memcpy DtoH]",
11.023273,,,,,,,,,,,,,,"PC 0x9b54b78e","0x2162e0000","[Unified Memory CPU page faults]",
11.023519,0.003072,,,,,,,,,,"GeForce GTX 960 (0)",,,4096.000000,"0x2162e0000","[Unified Memory Memcpy DtoH]",
11.023522,0.079584,,,,,,,,,,"GeForce GTX 960 (0)",,,61440.000000,"0x2162e1000","[Unified Memory Memcpy DtoH]",
11.041301,50.721331,176,1,1,32,1,1,38,0,0,"GeForce GTX 960 (0)","1","30",,,"bs",69
11.042195,,,,,,,,,,,,,,"PC 0x9b54b78e","0x221a20000","[Unified Memory CPU page faults]",
11.042431,0.002496,,,,,,,,,,"GeForce GTX 960 (0)",,,4096.000000,"0x221a20000","[Unified Memory Memcpy DtoH]",
11.042434,0.041248,,,,,,,,,,"GeForce GTX 960 (0)",,,61440.000000,"0x221a21000","[Unified Memory Memcpy DtoH]",
11.043601,77.399330,176,1,1,32,1,1,38,0,0,"GeForce GTX 960 (0)","1","32",,,"bs",89
11.105474,,,,,,,,,,,,,,"PC 0x9b54b78e","0x22d160000","[Unified Memory CPU page faults]",
11.105705,,,,,,,,,,,,,,"PC 0x9b54b78e","0x2388a0000","[Unified Memory CPU page faults]",
11.105712,0.003072,,,,,,,,,,"GeForce GTX 960 (0)",,,4096.000000,"0x22d160000","[Unified Memory Memcpy DtoH]",
11.105716,0.069760,,,,,,,,,,"GeForce GTX 960 (0)",,,61440.000000,"0x22d161000","[Unified Memory Memcpy DtoH]",
11.105939,0.001952,,,,,,,,,,"GeForce GTX 960 (0)",,,4096.000000,"0x2388a0000","[Unified Memory Memcpy DtoH]",
11.105941,0.061056,,,,,,,,,,"GeForce GTX 960 (0)",,,61440.000000,"0x2388a1000","[Unified Memory Memcpy DtoH]",
11.187597,,,,,,,,,,,,,,"PC 0x9b54b78e","0x243fe0000","[Unified Memory CPU page faults]",
11.187838,0.003808,,,,,,,,,,"GeForce GTX 960 (0)",,,4096.000000,"0x243fe0000","[Unified Memory Memcpy DtoH]",
11.187842,0.076064,,,,,,,,,,"GeForce GTX 960 (0)",,,61440.000000,"0x243fe1000","[Unified Memory Memcpy DtoH]",
11.187855,,,,,,,,,,,,,,"PC 0x9b54b78e","0x24f720000","[Unified Memory CPU page faults]",
11.188093,0.002688,,,,,,,,,,"GeForce GTX 960 (0)",,,4096.000000,"0x24f720000","[Unified Memory Memcpy DtoH]",
11.188096,0.081344,,,,,,,,,,"GeForce GTX 960 (0)",,,61440.000000,"0x24f721000","[Unified Memory Memcpy DtoH]",
11.188924,,,,,,,,,,,,,,"PC 0x9b54b78e","0x25ae60000","[Unified Memory CPU page faults]",
11.189137,,,,,,,,,,,,,,"PC 0x9b54b78e","0x2665a0000","[Unified Memory CPU page faults]",
11.189161,0.001728,,,,,,,,,,"GeForce GTX 960 (0)",,,4096.000000,"0x25ae60000","[Unified Memory Memcpy DtoH]",
11.189163,0.058880,,,,,,,,,,"GeForce GTX 960 (0)",,,61440.000000,"0x25ae61000","[Unified Memory Memcpy DtoH]",
11.189374,0.002080,,,,,,,,,,"GeForce GTX 960 (0)",,,4096.000000,"0x2665a0000","[Unified Memory Memcpy DtoH]",
11.189376,0.061632,,,,,,,,,,"GeForce GTX 960 (0)",,,61440.000000,"0x2665a1000","[Unified Memory Memcpy DtoH]",
11.225584,,,,,,,,,,,,,,"PC 0x9b54b78e","0x271ce0000","[Unified Memory CPU page faults]",
11.225821,0.001280,,,,,,,,,,"GeForce GTX 960 (0)",,,4096.000000,"0x271ce0000","[Unified Memory Memcpy DtoH]",
11.225823,0.005088,,,,,,,,,,"GeForce GTX 960 (0)",,,61440.000000,"0x271ce1000","[Unified Memory Memcpy DtoH]",
==11981== Generated result file: /home/users/qi.zhou/tesi/grcuda/projects/resources/python/benchmark/check_gpu_b8_11981.nvvp
