==30938== NVPROF is profiling process 30938, command: java -classpath /home/users/qi.zhou/tesi/graalvm-ce-java8-20.2.0/jre/lib/graalvm/graalpython-launcher.jar:/home/users/qi.zhou/tesi/graalvm-ce-java8-20.2.0/jre/lib/graalvm/launcher-common.jar com.oracle.graal.python.shell.GraalPythonMain --polyglot --exper
==30938== Profiling application: java -classpath /home/users/qi.zhou/tesi/graalvm-ce-java8-20.2.0/jre/lib/graalvm/graalpython-launcher.jar:/home/users/qi.zhou/tesi/graalvm-ce-java8-20.2.0/jre/lib/graalvm/launcher-common.jar com.oracle.graal.python.shell.GraalPythonMain --polyglot --exper
==30938== Profiling result:
"Start","Duration","Grid X","Grid Y","Grid Z","Block X","Block Y","Block Z","Registers Per Thread","Static SMem","Dynamic SMem","Device","Context","Stream","Unified Memory","Virtual Address","Name","Correlation_ID"
s,ms,,,,,,,,KB,B,,,,B,,,
22.389181,0.001536,,,,,,,,,,"GeForce GTX 960 (0)",,,4096.000000,"0x2021c2000","[Unified Memory Memcpy HtoD]",
22.389274,0.142720,,,,,,,,,,"GeForce GTX 960 (0)",,,1835008.000000,"0x201240000","[Unified Memory Memcpy HtoD]",
22.389418,0.163008,,,,,,,,,,"GeForce GTX 960 (0)",,,2097152.000000,"0x201400000","[Unified Memory Memcpy HtoD]",
22.389582,0.163072,,,,,,,,,,"GeForce GTX 960 (0)",,,2097152.000000,"0x201600000","[Unified Memory Memcpy HtoD]",
22.389746,0.153824,,,,,,,,,,"GeForce GTX 960 (0)",,,1974272.000000,"0x201800000","[Unified Memory Memcpy HtoD]",
22.389901,0.082272,,,,,,,,,,"GeForce GTX 960 (0)",,,1048576.000000,"0x206700000","[Unified Memory Memcpy HtoD]",
22.389985,0.163136,,,,,,,,,,"GeForce GTX 960 (0)",,,2097152.000000,"0x206800000","[Unified Memory Memcpy HtoD]",
22.390149,0.163200,,,,,,,,,,"GeForce GTX 960 (0)",,,2097152.000000,"0x206a00000","[Unified Memory Memcpy HtoD]",
22.390313,0.163424,,,,,,,,,,"GeForce GTX 960 (0)",,,2097152.000000,"0x206c00000","[Unified Memory Memcpy HtoD]",
22.390478,0.162880,,,,,,,,,,"GeForce GTX 960 (0)",,,2097152.000000,"0x206e00000","[Unified Memory Memcpy HtoD]",
22.390642,0.163136,,,,,,,,,,"GeForce GTX 960 (0)",,,2097152.000000,"0x207000000","[Unified Memory Memcpy HtoD]",
22.390806,0.162688,,,,,,,,,,"GeForce GTX 960 (0)",,,2097152.000000,"0x207200000","[Unified Memory Memcpy HtoD]",
22.390970,0.162912,,,,,,,,,,"GeForce GTX 960 (0)",,,2097152.000000,"0x207400000","[Unified Memory Memcpy HtoD]",
22.391134,0.162592,,,,,,,,,,"GeForce GTX 960 (0)",,,2097152.000000,"0x207600000","[Unified Memory Memcpy HtoD]",
22.391298,0.163040,,,,,,,,,,"GeForce GTX 960 (0)",,,2097152.000000,"0x207800000","[Unified Memory Memcpy HtoD]",
22.391463,0.162848,,,,,,,,,,"GeForce GTX 960 (0)",,,2097152.000000,"0x207a00000","[Unified Memory Memcpy HtoD]",
22.391627,0.154656,,,,,,,,,,"GeForce GTX 960 (0)",,,1982464.000000,"0x207c00000","[Unified Memory Memcpy HtoD]",
22.391782,0.082272,,,,,,,,,,"GeForce GTX 960 (0)",,,1048576.000000,"0x209500000","[Unified Memory Memcpy HtoD]",
22.391866,0.163232,,,,,,,,,,"GeForce GTX 960 (0)",,,2097152.000000,"0x209600000","[Unified Memory Memcpy HtoD]",
22.392030,0.163104,,,,,,,,,,"GeForce GTX 960 (0)",,,2097152.000000,"0x209800000","[Unified Memory Memcpy HtoD]",
22.392195,0.163104,,,,,,,,,,"GeForce GTX 960 (0)",,,2097152.000000,"0x209a00000","[Unified Memory Memcpy HtoD]",
22.392359,0.162976,,,,,,,,,,"GeForce GTX 960 (0)",,,2097152.000000,"0x209c00000","[Unified Memory Memcpy HtoD]",
22.392523,0.163520,,,,,,,,,,"GeForce GTX 960 (0)",,,2097152.000000,"0x209e00000","[Unified Memory Memcpy HtoD]",
22.392688,0.171968,,,,,,,,,,"GeForce GTX 960 (0)",,,2097152.000000,"0x20a000000","[Unified Memory Memcpy HtoD]",
22.392861,0.162656,,,,,,,,,,"GeForce GTX 960 (0)",,,2097152.000000,"0x20a200000","[Unified Memory Memcpy HtoD]",
22.393025,0.163168,,,,,,,,,,"GeForce GTX 960 (0)",,,2097152.000000,"0x20a400000","[Unified Memory Memcpy HtoD]",
22.393189,0.163296,,,,,,,,,,"GeForce GTX 960 (0)",,,2097152.000000,"0x20a600000","[Unified Memory Memcpy HtoD]",
22.393354,0.163008,,,,,,,,,,"GeForce GTX 960 (0)",,,2097152.000000,"0x20a800000","[Unified Memory Memcpy HtoD]",
22.393518,0.154112,,,,,,,,,,"GeForce GTX 960 (0)",,,1982464.000000,"0x20aa00000","[Unified Memory Memcpy HtoD]",
22.393674,0.021536,,,,,,,,,,"GeForce GTX 960 (0)",,,262144.000000,"0x20b3c0000","[Unified Memory Memcpy HtoD]",
22.393696,0.163808,,,,,,,,,,"GeForce GTX 960 (0)",,,2097152.000000,"0x20b400000","[Unified Memory Memcpy HtoD]",
22.393861,0.163296,,,,,,,,,,"GeForce GTX 960 (0)",,,2097152.000000,"0x20b600000","[Unified Memory Memcpy HtoD]",
22.394026,0.163008,,,,,,,,,,"GeForce GTX 960 (0)",,,2097152.000000,"0x20b800000","[Unified Memory Memcpy HtoD]",
22.394190,0.112992,,,,,,,,,,"GeForce GTX 960 (0)",,,1449984.000000,"0x20ba00000","[Unified Memory Memcpy HtoD]",
22.394304,0.163296,,,,,,,,,,"GeForce GTX 960 (0)",,,2097152.000000,"0x20ac00000","[Unified Memory Memcpy HtoD]",
22.394469,0.162944,,,,,,,,,,"GeForce GTX 960 (0)",,,2097152.000000,"0x20ae00000","[Unified Memory Memcpy HtoD]",
22.394633,0.162944,,,,,,,,,,"GeForce GTX 960 (0)",,,2097152.000000,"0x20b000000","[Unified Memory Memcpy HtoD]",
22.394797,0.133344,,,,,,,,,,"GeForce GTX 960 (0)",,,1712128.000000,"0x20b200000","[Unified Memory Memcpy HtoD]",
22.395183,0.122656,,,,,,,,,,"GeForce GTX 960 (0)",,,1572864.000000,"0x200a80000","[Unified Memory Memcpy HtoD]",
22.395307,0.162624,,,,,,,,,,"GeForce GTX 960 (0)",,,2097152.000000,"0x200c00000","[Unified Memory Memcpy HtoD]",
22.395471,0.163232,,,,,,,,,,"GeForce GTX 960 (0)",,,2097152.000000,"0x200e00000","[Unified Memory Memcpy HtoD]",
22.395636,0.163200,,,,,,,,,,"GeForce GTX 960 (0)",,,2097152.000000,"0x201000000","[Unified Memory Memcpy HtoD]",
22.395800,0.012096,,,,,,,,,,"GeForce GTX 960 (0)",,,139264.000000,"0x201200000","[Unified Memory Memcpy HtoD]",
22.395813,0.163552,,,,,,,,,,"GeForce GTX 960 (0)",,,2097152.000000,"0x205000000","[Unified Memory Memcpy HtoD]",
22.395978,0.162944,,,,,,,,,,"GeForce GTX 960 (0)",,,2097152.000000,"0x205200000","[Unified Memory Memcpy HtoD]",
22.396142,0.162944,,,,,,,,,,"GeForce GTX 960 (0)",,,2097152.000000,"0x205400000","[Unified Memory Memcpy HtoD]",
22.396306,0.163072,,,,,,,,,,"GeForce GTX 960 (0)",,,2097152.000000,"0x205600000","[Unified Memory Memcpy HtoD]",
22.396471,0.162912,,,,,,,,,,"GeForce GTX 960 (0)",,,2097152.000000,"0x205800000","[Unified Memory Memcpy HtoD]",
22.396635,0.163360,,,,,,,,,,"GeForce GTX 960 (0)",,,2097152.000000,"0x205a00000","[Unified Memory Memcpy HtoD]",
22.396799,0.162752,,,,,,,,,,"GeForce GTX 960 (0)",,,2097152.000000,"0x205c00000","[Unified Memory Memcpy HtoD]",
22.396963,0.163040,,,,,,,,,,"GeForce GTX 960 (0)",,,2097152.000000,"0x205e00000","[Unified Memory Memcpy HtoD]",
22.397128,0.163264,,,,,,,,,,"GeForce GTX 960 (0)",,,2097152.000000,"0x206000000","[Unified Memory Memcpy HtoD]",
22.397292,0.163104,,,,,,,,,,"GeForce GTX 960 (0)",,,2097152.000000,"0x206200000","[Unified Memory Memcpy HtoD]",
22.397456,0.162816,,,,,,,,,,"GeForce GTX 960 (0)",,,2097152.000000,"0x206400000","[Unified Memory Memcpy HtoD]",
22.397620,0.073664,,,,,,,,,,"GeForce GTX 960 (0)",,,933888.000000,"0x206600000","[Unified Memory Memcpy HtoD]",
22.397695,0.163424,,,,,,,,,,"GeForce GTX 960 (0)",,,2097152.000000,"0x207e00000","[Unified Memory Memcpy HtoD]",
22.397860,0.163008,,,,,,,,,,"GeForce GTX 960 (0)",,,2097152.000000,"0x208000000","[Unified Memory Memcpy HtoD]",
22.398024,0.162880,,,,,,,,,,"GeForce GTX 960 (0)",,,2097152.000000,"0x208200000","[Unified Memory Memcpy HtoD]",
22.398188,0.162944,,,,,,,,,,"GeForce GTX 960 (0)",,,2097152.000000,"0x208400000","[Unified Memory Memcpy HtoD]",
22.398352,0.163136,,,,,,,,,,"GeForce GTX 960 (0)",,,2097152.000000,"0x208600000","[Unified Memory Memcpy HtoD]",
22.398517,0.163808,,,,,,,,,,"GeForce GTX 960 (0)",,,2097152.000000,"0x208800000","[Unified Memory Memcpy HtoD]",
22.398682,0.162912,,,,,,,,,,"GeForce GTX 960 (0)",,,2097152.000000,"0x208a00000","[Unified Memory Memcpy HtoD]",
22.398846,0.162848,,,,,,,,,,"GeForce GTX 960 (0)",,,2097152.000000,"0x208c00000","[Unified Memory Memcpy HtoD]",
22.399010,0.163104,,,,,,,,,,"GeForce GTX 960 (0)",,,2097152.000000,"0x208e00000","[Unified Memory Memcpy HtoD]",
22.399174,0.162880,,,,,,,,,,"GeForce GTX 960 (0)",,,2097152.000000,"0x209000000","[Unified Memory Memcpy HtoD]",
22.399338,0.163200,,,,,,,,,,"GeForce GTX 960 (0)",,,2097152.000000,"0x209200000","[Unified Memory Memcpy HtoD]",
22.399503,0.073504,,,,,,,,,,"GeForce GTX 960 (0)",,,933888.000000,"0x209400000","[Unified Memory Memcpy HtoD]",
22.399578,0.163424,,,,,,,,,,"GeForce GTX 960 (0)",,,2097152.000000,"0x201a00000","[Unified Memory Memcpy HtoD]",
22.399742,0.163040,,,,,,,,,,"GeForce GTX 960 (0)",,,2097152.000000,"0x201c00000","[Unified Memory Memcpy HtoD]",
22.399907,0.162976,,,,,,,,,,"GeForce GTX 960 (0)",,,2097152.000000,"0x201e00000","[Unified Memory Memcpy HtoD]",
22.400071,0.133472,,,,,,,,,,"GeForce GTX 960 (0)",,,1712128.000000,"0x202000000","[Unified Memory Memcpy HtoD]",
22.400205,0.041728,,,,,,,,,,"GeForce GTX 960 (0)",,,524288.000000,"0x20bb80000","[Unified Memory Memcpy HtoD]",
22.400248,0.162880,,,,,,,,,,"GeForce GTX 960 (0)",,,2097152.000000,"0x20bc00000","[Unified Memory Memcpy HtoD]",
22.400413,0.163040,,,,,,,,,,"GeForce GTX 960 (0)",,,2097152.000000,"0x20be00000","[Unified Memory Memcpy HtoD]",
22.400556,6.925012,62500,1,1,32,1,1,29,2.000000,128,"GeForce GTX 960 (0)","1","24",,,"spmv3",12
22.400577,0.162976,,,,,,,,,,"GeForce GTX 960 (0)",,,2097152.000000,"0x20c000000","[Unified Memory Memcpy HtoD]",
22.400741,0.093216,,,,,,,,,,"GeForce GTX 960 (0)",,,1187840.000000,"0x20c200000","[Unified Memory Memcpy HtoD]",
22.400835,0.001856,,,,,,,,,,"GeForce GTX 960 (0)",,,8192.000000,"0x2021c0000","[Unified Memory Memcpy HtoD]",
22.400839,0.001536,,,,,,,,,,"GeForce GTX 960 (0)",,,4096.000000,"0x2021c3000","[Unified Memory Memcpy HtoD]",
22.407481,6.917236,62500,1,1,32,1,1,29,2.000000,128,"GeForce GTX 960 (0)","1","25",,,"spmv3",25
22.414398,0.146621,176,1,1,32,1,1,8,0.000000,0,"GeForce GTX 960 (0)","1","24",,,"sum",31
22.414509,0.193052,176,1,1,32,1,1,8,0.000000,0,"GeForce GTX 960 (0)","1","25",,,"sum",37
22.414590,0.380856,176,1,1,32,1,1,14,0.000000,0,"GeForce GTX 960 (0)","1","24",,,"divide",44
22.414781,0.360921,176,1,1,32,1,1,14,0.000000,0,"GeForce GTX 960 (0)","1","25",,,"divide",51
22.415631,,,,,,,,,,,,,,"PC 0x916e7401","0x2021c0000","[Unified Memory CPU page faults]",
22.415939,,,,,,,,,,,,,,"PC 0x916e7401","0x2021c1000","[Unified Memory CPU page faults]",
22.416099,0.001568,,,,,,,,,,"GeForce GTX 960 (0)",,,4096.000000,"0x2021c0000","[Unified Memory Memcpy DtoH]",
22.416314,,,,,,,,,,,,,,"PC 0x91217141","0x2021c2000","[Unified Memory CPU page faults]",
22.416401,0.001344,,,,,,,,,,"GeForce GTX 960 (0)",,,4096.000000,"0x2021c1000","[Unified Memory Memcpy DtoH]",
22.416435,,,,,,,,,,,,,,"PC 0x91217141","0x2021c3000","[Unified Memory CPU page faults]",
22.416776,0.001312,,,,,,,,,,"GeForce GTX 960 (0)",,,4096.000000,"0x2021c2000","[Unified Memory Memcpy DtoH]",
22.416895,0.001344,,,,,,,,,,"GeForce GTX 960 (0)",,,4096.000000,"0x2021c3000","[Unified Memory Memcpy DtoH]",
22.416956,6.906068,62500,1,1,32,1,1,29,2.000000,128,"GeForce GTX 960 (0)","1","24",,,"spmv3",65
22.417283,0.001504,,,,,,,,,,"GeForce GTX 960 (0)",,,4096.000000,"0x2021c0000","[Unified Memory Memcpy HtoD]",
22.417296,0.001632,,,,,,,,,,"GeForce GTX 960 (0)",,,4096.000000,"0x2021c2000","[Unified Memory Memcpy HtoD]",
22.417824,0.002208,,,,,,,,,,"GeForce GTX 960 (0)",,,4096.000000,"0x2021c1000","[Unified Memory Memcpy HtoD]",
22.417831,0.001536,,,,,,,,,,"GeForce GTX 960 (0)",,,4096.000000,"0x2021c3000","[Unified Memory Memcpy HtoD]",
22.423862,6.898677,62500,1,1,32,1,1,29,2.000000,128,"GeForce GTX 960 (0)","1","25",,,"spmv3",71
22.430760,0.162492,176,1,1,32,1,1,8,0.000000,0,"GeForce GTX 960 (0)","1","24",,,"sum",76
22.430764,0.280570,176,1,1,32,1,1,8,0.000000,0,"GeForce GTX 960 (0)","1","25",,,"sum",81
22.431146,0.302042,176,1,1,32,1,1,14,0.000000,0,"GeForce GTX 960 (0)","1","24",,,"divide",88
22.431152,0.485910,176,1,1,32,1,1,14,0.000000,0,"GeForce GTX 960 (0)","1","25",,,"divide",95
22.431604,,,,,,,,,,,,,,"PC 0x916e7401","0x2021c0000","[Unified Memory CPU page faults]",
22.431839,,,,,,,,,,,,,,"PC 0x916e7401","0x2021c1000","[Unified Memory CPU page faults]",
22.431885,,,,,,,,,,,,,,"PC 0x91217141","0x2021c2000","[Unified Memory CPU page faults]",
22.431947,,,,,,,,,,,,,,"PC 0x91217141","0x2021c3000","[Unified Memory CPU page faults]",
22.432070,0.001504,,,,,,,,,,"GeForce GTX 960 (0)",,,4096.000000,"0x2021c0000","[Unified Memory Memcpy DtoH]",
22.432300,0.001440,,,,,,,,,,"GeForce GTX 960 (0)",,,4096.000000,"0x2021c1000","[Unified Memory Memcpy DtoH]",
22.432345,6.908468,62500,1,1,32,1,1,29,2.000000,128,"GeForce GTX 960 (0)","1","24",,,"spmv3",109
22.432345,0.001312,,,,,,,,,,"GeForce GTX 960 (0)",,,4096.000000,"0x2021c2000","[Unified Memory Memcpy DtoH]",
22.432408,0.001344,,,,,,,,,,"GeForce GTX 960 (0)",,,4096.000000,"0x2021c3000","[Unified Memory Memcpy DtoH]",
22.432749,0.001536,,,,,,,,,,"GeForce GTX 960 (0)",,,4096.000000,"0x2021c0000","[Unified Memory Memcpy HtoD]",
22.432757,0.001600,,,,,,,,,,"GeForce GTX 960 (0)",,,4096.000000,"0x2021c2000","[Unified Memory Memcpy HtoD]",
22.433080,0.001664,,,,,,,,,,"GeForce GTX 960 (0)",,,4096.000000,"0x2021c1000","[Unified Memory Memcpy HtoD]",
22.433085,0.002144,,,,,,,,,,"GeForce GTX 960 (0)",,,4096.000000,"0x2021c3000","[Unified Memory Memcpy HtoD]",
22.439252,6.893876,62500,1,1,32,1,1,29,2.000000,128,"GeForce GTX 960 (0)","1","25",,,"spmv3",115
22.446145,0.160733,176,1,1,32,1,1,8,0.000000,0,"GeForce GTX 960 (0)","1","24",,,"sum",120
22.446150,0.279098,176,1,1,32,1,1,8,0.000000,0,"GeForce GTX 960 (0)","1","25",,,"sum",125
22.446489,0.307130,176,1,1,32,1,1,14,0.000000,0,"GeForce GTX 960 (0)","1","24",,,"divide",132
22.446493,0.492054,176,1,1,32,1,1,14,0.000000,0,"GeForce GTX 960 (0)","1","25",,,"divide",139
22.446935,,,,,,,,,,,,,,"PC 0x916e7401","0x2021c0000","[Unified Memory CPU page faults]",
22.447151,,,,,,,,,,,,,,"PC 0x916e7401","0x2021c1000","[Unified Memory CPU page faults]",
22.447215,,,,,,,,,,,,,,"PC 0x91217141","0x2021c2000","[Unified Memory CPU page faults]",
22.447265,,,,,,,,,,,,,,"PC 0x91217141","0x2021c3000","[Unified Memory CPU page faults]",
22.447401,0.001376,,,,,,,,,,"GeForce GTX 960 (0)",,,4096.000000,"0x2021c0000","[Unified Memory Memcpy DtoH]",
22.447614,0.001376,,,,,,,,,,"GeForce GTX 960 (0)",,,4096.000000,"0x2021c1000","[Unified Memory Memcpy DtoH]",
22.447677,0.001312,,,,,,,,,,"GeForce GTX 960 (0)",,,4096.000000,"0x2021c2000","[Unified Memory Memcpy DtoH]",
22.447726,0.001312,,,,,,,,,,"GeForce GTX 960 (0)",,,4096.000000,"0x2021c3000","[Unified Memory Memcpy DtoH]",
22.447732,6.907892,62500,1,1,32,1,1,29,2.000000,128,"GeForce GTX 960 (0)","1","24",,,"spmv3",153
22.448129,0.001600,,,,,,,,,,"GeForce GTX 960 (0)",,,4096.000000,"0x2021c0000","[Unified Memory Memcpy HtoD]",
22.448135,0.001600,,,,,,,,,,"GeForce GTX 960 (0)",,,4096.000000,"0x2021c2000","[Unified Memory Memcpy HtoD]",
22.448464,0.001568,,,,,,,,,,"GeForce GTX 960 (0)",,,4096.000000,"0x2021c1000","[Unified Memory Memcpy HtoD]",
22.448468,0.001952,,,,,,,,,,"GeForce GTX 960 (0)",,,4096.000000,"0x2021c3000","[Unified Memory Memcpy HtoD]",
22.454639,6.902004,62500,1,1,32,1,1,29,2.000000,128,"GeForce GTX 960 (0)","1","25",,,"spmv3",159
22.461540,0.160413,176,1,1,32,1,1,8,0.000000,0,"GeForce GTX 960 (0)","1","24",,,"sum",164
22.461544,0.280347,176,1,1,32,1,1,8,0.000000,0,"GeForce GTX 960 (0)","1","25",,,"sum",169
22.461905,0.296154,176,1,1,32,1,1,14,0.000000,0,"GeForce GTX 960 (0)","1","24",,,"divide",176
22.461916,0.477174,176,1,1,32,1,1,14,0.000000,0,"GeForce GTX 960 (0)","1","25",,,"divide",183
22.462450,,,,,,,,,,,,,,"PC 0x916e7401","0x2021c0000","[Unified Memory CPU page faults]",
22.462670,,,,,,,,,,,,,,"PC 0x916e7401","0x2021c1000","[Unified Memory CPU page faults]",
22.462746,,,,,,,,,,,,,,"PC 0x91217141","0x2021c2000","[Unified Memory CPU page faults]",
22.462836,,,,,,,,,,,,,,"PC 0x91217141","0x2021c3000","[Unified Memory CPU page faults]",
22.462933,0.001312,,,,,,,,,,"GeForce GTX 960 (0)",,,4096.000000,"0x2021c0000","[Unified Memory Memcpy DtoH]",
22.463132,0.001344,,,,,,,,,,"GeForce GTX 960 (0)",,,4096.000000,"0x2021c1000","[Unified Memory Memcpy DtoH]",
22.463206,0.001312,,,,,,,,,,"GeForce GTX 960 (0)",,,4096.000000,"0x2021c2000","[Unified Memory Memcpy DtoH]",
22.463296,0.001312,,,,,,,,,,"GeForce GTX 960 (0)",,,4096.000000,"0x2021c3000","[Unified Memory Memcpy DtoH]",
22.463455,6.914740,62500,1,1,32,1,1,29,2.000000,128,"GeForce GTX 960 (0)","1","24",,,"spmv3",197
22.463776,0.001504,,,,,,,,,,"GeForce GTX 960 (0)",,,4096.000000,"0x2021c0000","[Unified Memory Memcpy HtoD]",
22.463782,0.001568,,,,,,,,,,"GeForce GTX 960 (0)",,,4096.000000,"0x2021c2000","[Unified Memory Memcpy HtoD]",
22.464241,0.001600,,,,,,,,,,"GeForce GTX 960 (0)",,,4096.000000,"0x2021c1000","[Unified Memory Memcpy HtoD]",
22.464246,0.001664,,,,,,,,,,"GeForce GTX 960 (0)",,,4096.000000,"0x2021c3000","[Unified Memory Memcpy HtoD]",
22.470369,6.916884,62500,1,1,32,1,1,29,2.000000,128,"GeForce GTX 960 (0)","1","25",,,"spmv3",203
22.477285,0.161212,176,1,1,32,1,1,8,0.000000,0,"GeForce GTX 960 (0)","1","24",,,"sum",208
22.477290,0.280442,176,1,1,32,1,1,8,0.000000,0,"GeForce GTX 960 (0)","1","25",,,"sum",213
22.477637,0.303801,176,1,1,32,1,1,14,0.000000,0,"GeForce GTX 960 (0)","1","24",,,"divide",220
22.477647,0.483383,176,1,1,32,1,1,14,0.000000,0,"GeForce GTX 960 (0)","1","25",,,"divide",227
22.478071,,,,,,,,,,,,,,"PC 0x916e7401","0x2021c0000","[Unified Memory CPU page faults]",
22.478277,,,,,,,,,,,,,,"PC 0x916e7401","0x2021c1000","[Unified Memory CPU page faults]",
22.478350,,,,,,,,,,,,,,"PC 0x91217141","0x2021c2000","[Unified Memory CPU page faults]",
22.478411,,,,,,,,,,,,,,"PC 0x91217141","0x2021c3000","[Unified Memory CPU page faults]",
22.478535,0.010240,,,,,,,,,,"GeForce GTX 960 (0)",,,4096.000000,"0x2021c0000","[Unified Memory Memcpy DtoH]",
22.478739,0.001344,,,,,,,,,,"GeForce GTX 960 (0)",,,4096.000000,"0x2021c1000","[Unified Memory Memcpy DtoH]",
22.478811,0.001312,,,,,,,,,,"GeForce GTX 960 (0)",,,4096.000000,"0x2021c2000","[Unified Memory Memcpy DtoH]",
22.478872,0.001312,,,,,,,,,,"GeForce GTX 960 (0)",,,4096.000000,"0x2021c3000","[Unified Memory Memcpy DtoH]",
22.478931,,,,,,,,,,,,,,"PC 0xa7a1e3de","0x201a00000","[Unified Memory CPU page faults]",
22.479125,,,,,,,,,,,,,,"PC 0xa7a1e3de","0x20b3c0000","[Unified Memory CPU page faults]",
22.479398,0.001344,,,,,,,,,,"GeForce GTX 960 (0)",,,4096.000000,"0x201a00000","[Unified Memory Memcpy DtoH]",
22.479399,0.005280,,,,,,,,,,"GeForce GTX 960 (0)",,,61440.000000,"0x201a01000","[Unified Memory Memcpy DtoH]",
22.479590,0.001344,,,,,,,,,,"GeForce GTX 960 (0)",,,4096.000000,"0x20b3c0000","[Unified Memory Memcpy DtoH]",
22.479591,0.005280,,,,,,,,,,"GeForce GTX 960 (0)",,,61440.000000,"0x20b3c1000","[Unified Memory Memcpy DtoH]",
24.500548,0.163229,,,,,,,,,,"GeForce GTX 960 (0)",,,2097152.000000,"0x201a00000","[Unified Memory Memcpy HtoD]",
24.500712,0.163197,,,,,,,,,,"GeForce GTX 960 (0)",,,2097152.000000,"0x201c00000","[Unified Memory Memcpy HtoD]",
24.500877,0.163548,,,,,,,,,,"GeForce GTX 960 (0)",,,2097152.000000,"0x201e00000","[Unified Memory Memcpy HtoD]",
24.501042,0.133758,,,,,,,,,,"GeForce GTX 960 (0)",,,1712128.000000,"0x202000000","[Unified Memory Memcpy HtoD]",
24.501176,0.001472,,,,,,,,,,"GeForce GTX 960 (0)",,,4096.000000,"0x2021c0000","[Unified Memory Memcpy HtoD]",
24.501179,0.001472,,,,,,,,,,"GeForce GTX 960 (0)",,,4096.000000,"0x2021c2000","[Unified Memory Memcpy HtoD]",
24.501182,0.171069,,,,,,,,,,"GeForce GTX 960 (0)",,,1835008.000000,"0x201240000","[Unified Memory Memcpy HtoD]",
24.501355,0.200892,,,,,,,,,,"GeForce GTX 960 (0)",,,2097152.000000,"0x201400000","[Unified Memory Memcpy HtoD]",
24.501557,0.162973,,,,,,,,,,"GeForce GTX 960 (0)",,,2097152.000000,"0x201600000","[Unified Memory Memcpy HtoD]",
24.501721,0.153180,,,,,,,,,,"GeForce GTX 960 (0)",,,1974272.000000,"0x201800000","[Unified Memory Memcpy HtoD]",
24.501876,0.081951,,,,,,,,,,"GeForce GTX 960 (0)",,,1048576.000000,"0x206700000","[Unified Memory Memcpy HtoD]",
24.501959,0.162620,,,,,,,,,,"GeForce GTX 960 (0)",,,2097152.000000,"0x206800000","[Unified Memory Memcpy HtoD]",
24.502123,0.163325,,,,,,,,,,"GeForce GTX 960 (0)",,,2097152.000000,"0x206a00000","[Unified Memory Memcpy HtoD]",
24.502287,0.163037,,,,,,,,,,"GeForce GTX 960 (0)",,,2097152.000000,"0x206c00000","[Unified Memory Memcpy HtoD]",
24.502451,0.162652,,,,,,,,,,"GeForce GTX 960 (0)",,,2097152.000000,"0x206e00000","[Unified Memory Memcpy HtoD]",
24.502615,0.163165,,,,,,,,,,"GeForce GTX 960 (0)",,,2097152.000000,"0x207000000","[Unified Memory Memcpy HtoD]",
24.502779,0.162877,,,,,,,,,,"GeForce GTX 960 (0)",,,2097152.000000,"0x207200000","[Unified Memory Memcpy HtoD]",
24.502943,0.163101,,,,,,,,,,"GeForce GTX 960 (0)",,,2097152.000000,"0x207400000","[Unified Memory Memcpy HtoD]",
24.503108,0.162812,,,,,,,,,,"GeForce GTX 960 (0)",,,2097152.000000,"0x207600000","[Unified Memory Memcpy HtoD]",
24.503272,0.162653,,,,,,,,,,"GeForce GTX 960 (0)",,,2097152.000000,"0x207800000","[Unified Memory Memcpy HtoD]",
24.503436,0.162589,,,,,,,,,,"GeForce GTX 960 (0)",,,2097152.000000,"0x207a00000","[Unified Memory Memcpy HtoD]",
24.503599,0.153948,,,,,,,,,,"GeForce GTX 960 (0)",,,1982464.000000,"0x207c00000","[Unified Memory Memcpy HtoD]",
24.503754,0.082015,,,,,,,,,,"GeForce GTX 960 (0)",,,1048576.000000,"0x209500000","[Unified Memory Memcpy HtoD]",
24.503838,0.163548,,,,,,,,,,"GeForce GTX 960 (0)",,,2097152.000000,"0x209600000","[Unified Memory Memcpy HtoD]",
24.504002,0.163133,,,,,,,,,,"GeForce GTX 960 (0)",,,2097152.000000,"0x209800000","[Unified Memory Memcpy HtoD]",
24.504167,0.163037,,,,,,,,,,"GeForce GTX 960 (0)",,,2097152.000000,"0x209a00000","[Unified Memory Memcpy HtoD]",
24.504331,0.163228,,,,,,,,,,"GeForce GTX 960 (0)",,,2097152.000000,"0x209c00000","[Unified Memory Memcpy HtoD]",
24.504495,0.163261,,,,,,,,,,"GeForce GTX 960 (0)",,,2097152.000000,"0x209e00000","[Unified Memory Memcpy HtoD]",
24.504660,0.163101,,,,,,,,,,"GeForce GTX 960 (0)",,,2097152.000000,"0x20a000000","[Unified Memory Memcpy HtoD]",
24.504824,0.162972,,,,,,,,,,"GeForce GTX 960 (0)",,,2097152.000000,"0x20a200000","[Unified Memory Memcpy HtoD]",
24.504988,0.162813,,,,,,,,,,"GeForce GTX 960 (0)",,,2097152.000000,"0x20a400000","[Unified Memory Memcpy HtoD]",
24.505152,0.162877,,,,,,,,,,"GeForce GTX 960 (0)",,,2097152.000000,"0x20a600000","[Unified Memory Memcpy HtoD]",
24.505316,0.162845,,,,,,,,,,"GeForce GTX 960 (0)",,,2097152.000000,"0x20a800000","[Unified Memory Memcpy HtoD]",
24.505480,0.154237,,,,,,,,,,"GeForce GTX 960 (0)",,,1982464.000000,"0x20aa00000","[Unified Memory Memcpy HtoD]",
24.505635,0.162941,,,,,,,,,,"GeForce GTX 960 (0)",,,2097152.000000,"0x20ac00000","[Unified Memory Memcpy HtoD]",
24.505799,0.163069,,,,,,,,,,"GeForce GTX 960 (0)",,,2097152.000000,"0x20ae00000","[Unified Memory Memcpy HtoD]",
24.505964,0.163196,,,,,,,,,,"GeForce GTX 960 (0)",,,2097152.000000,"0x20b000000","[Unified Memory Memcpy HtoD]",
24.506128,0.133502,,,,,,,,,,"GeForce GTX 960 (0)",,,1712128.000000,"0x20b200000","[Unified Memory Memcpy HtoD]",
24.506263,0.021375,,,,,,,,,,"GeForce GTX 960 (0)",,,262144.000000,"0x20b3c0000","[Unified Memory Memcpy HtoD]",
24.506285,0.162973,,,,,,,,,,"GeForce GTX 960 (0)",,,2097152.000000,"0x20b400000","[Unified Memory Memcpy HtoD]",
24.506449,0.163197,,,,,,,,,,"GeForce GTX 960 (0)",,,2097152.000000,"0x20b600000","[Unified Memory Memcpy HtoD]",
24.506614,0.162780,,,,,,,,,,"GeForce GTX 960 (0)",,,2097152.000000,"0x20b800000","[Unified Memory Memcpy HtoD]",
24.506778,0.113310,,,,,,,,,,"GeForce GTX 960 (0)",,,1449984.000000,"0x20ba00000","[Unified Memory Memcpy HtoD]",
24.507147,7.889504,62500,1,1,32,1,1,29,2.000000,128,"GeForce GTX 960 (0)","1","24",,,"spmv3",243
24.507529,0.002144,,,,,,,,,,"GeForce GTX 960 (0)",,,4096.000000,"0x2021c1000","[Unified Memory Memcpy HtoD]",
24.507534,0.002400,,,,,,,,,,"GeForce GTX 960 (0)",,,4096.000000,"0x2021c3000","[Unified Memory Memcpy HtoD]",
24.507611,0.123646,,,,,,,,,,"GeForce GTX 960 (0)",,,1572864.000000,"0x200a80000","[Unified Memory Memcpy HtoD]",
24.507737,0.163772,,,,,,,,,,"GeForce GTX 960 (0)",,,2097152.000000,"0x200c00000","[Unified Memory Memcpy HtoD]",
24.507904,0.163197,,,,,,,,,,"GeForce GTX 960 (0)",,,2097152.000000,"0x200e00000","[Unified Memory Memcpy HtoD]",
24.508071,0.163517,,,,,,,,,,"GeForce GTX 960 (0)",,,2097152.000000,"0x201000000","[Unified Memory Memcpy HtoD]",
24.508238,0.012927,,,,,,,,,,"GeForce GTX 960 (0)",,,139264.000000,"0x201200000","[Unified Memory Memcpy HtoD]",
24.508253,0.163773,,,,,,,,,,"GeForce GTX 960 (0)",,,2097152.000000,"0x205000000","[Unified Memory Memcpy HtoD]",
24.508420,0.163261,,,,,,,,,,"GeForce GTX 960 (0)",,,2097152.000000,"0x205200000","[Unified Memory Memcpy HtoD]",
24.508584,0.162812,,,,,,,,,,"GeForce GTX 960 (0)",,,2097152.000000,"0x205400000","[Unified Memory Memcpy HtoD]",
24.508749,0.164221,,,,,,,,,,"GeForce GTX 960 (0)",,,2097152.000000,"0x205600000","[Unified Memory Memcpy HtoD]",
24.508916,0.163357,,,,,,,,,,"GeForce GTX 960 (0)",,,2097152.000000,"0x205800000","[Unified Memory Memcpy HtoD]",
24.509082,0.164380,,,,,,,,,,"GeForce GTX 960 (0)",,,2097152.000000,"0x205a00000","[Unified Memory Memcpy HtoD]",
24.509249,0.163901,,,,,,,,,,"GeForce GTX 960 (0)",,,2097152.000000,"0x205c00000","[Unified Memory Memcpy HtoD]",
24.509416,0.163516,,,,,,,,,,"GeForce GTX 960 (0)",,,2097152.000000,"0x205e00000","[Unified Memory Memcpy HtoD]",
24.509581,0.162845,,,,,,,,,,"GeForce GTX 960 (0)",,,2097152.000000,"0x206000000","[Unified Memory Memcpy HtoD]",
24.509747,0.163645,,,,,,,,,,"GeForce GTX 960 (0)",,,2097152.000000,"0x206200000","[Unified Memory Memcpy HtoD]",
24.509913,0.163548,,,,,,,,,,"GeForce GTX 960 (0)",,,2097152.000000,"0x206400000","[Unified Memory Memcpy HtoD]",
24.510079,0.074527,,,,,,,,,,"GeForce GTX 960 (0)",,,933888.000000,"0x206600000","[Unified Memory Memcpy HtoD]",
24.510156,0.163773,,,,,,,,,,"GeForce GTX 960 (0)",,,2097152.000000,"0x207e00000","[Unified Memory Memcpy HtoD]",
24.510322,0.163869,,,,,,,,,,"GeForce GTX 960 (0)",,,2097152.000000,"0x208000000","[Unified Memory Memcpy HtoD]",
24.510488,0.163293,,,,,,,,,,"GeForce GTX 960 (0)",,,2097152.000000,"0x208200000","[Unified Memory Memcpy HtoD]",
24.510654,0.163516,,,,,,,,,,"GeForce GTX 960 (0)",,,2097152.000000,"0x208400000","[Unified Memory Memcpy HtoD]",
24.510821,0.163293,,,,,,,,,,"GeForce GTX 960 (0)",,,2097152.000000,"0x208600000","[Unified Memory Memcpy HtoD]",
24.510987,0.164125,,,,,,,,,,"GeForce GTX 960 (0)",,,2097152.000000,"0x208800000","[Unified Memory Memcpy HtoD]",
24.511154,0.163836,,,,,,,,,,"GeForce GTX 960 (0)",,,2097152.000000,"0x208a00000","[Unified Memory Memcpy HtoD]",
24.511320,0.162973,,,,,,,,,,"GeForce GTX 960 (0)",,,2097152.000000,"0x208c00000","[Unified Memory Memcpy HtoD]",
24.511486,0.163357,,,,,,,,,,"GeForce GTX 960 (0)",,,2097152.000000,"0x208e00000","[Unified Memory Memcpy HtoD]",
24.511653,0.163292,,,,,,,,,,"GeForce GTX 960 (0)",,,2097152.000000,"0x209000000","[Unified Memory Memcpy HtoD]",
24.511818,0.163421,,,,,,,,,,"GeForce GTX 960 (0)",,,2097152.000000,"0x209200000","[Unified Memory Memcpy HtoD]",
24.511984,0.073470,,,,,,,,,,"GeForce GTX 960 (0)",,,933888.000000,"0x209400000","[Unified Memory Memcpy HtoD]",
24.512061,0.042271,,,,,,,,,,"GeForce GTX 960 (0)",,,524288.000000,"0x20bb80000","[Unified Memory Memcpy HtoD]",
24.512106,0.164317,,,,,,,,,,"GeForce GTX 960 (0)",,,2097152.000000,"0x20bc00000","[Unified Memory Memcpy HtoD]",
24.512272,0.163773,,,,,,,,,,"GeForce GTX 960 (0)",,,2097152.000000,"0x20be00000","[Unified Memory Memcpy HtoD]",
24.512438,0.163420,,,,,,,,,,"GeForce GTX 960 (0)",,,2097152.000000,"0x20c000000","[Unified Memory Memcpy HtoD]",
24.512604,0.093022,,,,,,,,,,"GeForce GTX 960 (0)",,,1187840.000000,"0x20c200000","[Unified Memory Memcpy HtoD]",
24.515036,6.596570,62500,1,1,32,1,1,29,2.000000,128,"GeForce GTX 960 (0)","1","25",,,"spmv3",249
24.521632,0.157853,176,1,1,32,1,1,8,0.000000,0,"GeForce GTX 960 (0)","1","24",,,"sum",254
24.521636,0.272539,176,1,1,32,1,1,8,0.000000,0,"GeForce GTX 960 (0)","1","25",,,"sum",259
24.521883,0.290747,176,1,1,32,1,1,14,0.000000,0,"GeForce GTX 960 (0)","1","24",,,"divide",266
24.521987,0.369337,176,1,1,32,1,1,14,0.000000,0,"GeForce GTX 960 (0)","1","25",,,"divide",273
24.522237,,,,,,,,,,,,,,"PC 0x9164a28b","0x2021c0000","[Unified Memory CPU page faults]",
24.522259,0.001248,,,,,,,,,,"GeForce GTX 960 (0)",,,4096.000000,"0x2021c0000","[Unified Memory Memcpy DtoH]",
24.522379,,,,,,,,,,,,,,"PC 0x9164a28b","0x2021c1000","[Unified Memory CPU page faults]",
24.522398,0.001248,,,,,,,,,,"GeForce GTX 960 (0)",,,4096.000000,"0x2021c1000","[Unified Memory Memcpy DtoH]",
24.522445,,,,,,,,,,,,,,"PC 0x9164a1f5","0x2021c2000","[Unified Memory CPU page faults]",
24.522463,0.001248,,,,,,,,,,"GeForce GTX 960 (0)",,,4096.000000,"0x2021c2000","[Unified Memory Memcpy DtoH]",
24.522474,,,,,,,,,,,,,,"PC 0x9164a1f5","0x2021c3000","[Unified Memory CPU page faults]",
24.522491,0.001248,,,,,,,,,,"GeForce GTX 960 (0)",,,4096.000000,"0x2021c3000","[Unified Memory Memcpy DtoH]",
24.522731,0.001632,,,,,,,,,,"GeForce GTX 960 (0)",,,4096.000000,"0x2021c0000","[Unified Memory Memcpy HtoD]",
24.522735,0.001472,,,,,,,,,,"GeForce GTX 960 (0)",,,4096.000000,"0x2021c2000","[Unified Memory Memcpy HtoD]",
24.522837,6.576443,62500,1,1,32,1,1,29,2.000000,128,"GeForce GTX 960 (0)","1","24",,,"spmv3",287
24.523079,0.001760,,,,,,,,,,"GeForce GTX 960 (0)",,,4096.000000,"0x2021c1000","[Unified Memory Memcpy HtoD]",
24.523083,0.001568,,,,,,,,,,"GeForce GTX 960 (0)",,,4096.000000,"0x2021c3000","[Unified Memory Memcpy HtoD]",
24.529413,6.574075,62500,1,1,32,1,1,29,2.000000,128,"GeForce GTX 960 (0)","1","25",,,"spmv3",293
24.535986,0.154365,176,1,1,32,1,1,8,0.000000,0,"GeForce GTX 960 (0)","1","24",,,"sum",298
24.535990,0.280090,176,1,1,32,1,1,8,0.000000,0,"GeForce GTX 960 (0)","1","25",,,"sum",303
24.536223,0.318938,176,1,1,32,1,1,14,0.000000,0,"GeForce GTX 960 (0)","1","24",,,"divide",310
24.536349,0.353304,176,1,1,32,1,1,14,0.000000,0,"GeForce GTX 960 (0)","1","25",,,"divide",317
24.536587,,,,,,,,,,,,,,"PC 0x9164a28b","0x2021c0000","[Unified Memory CPU page faults]",
24.536606,0.001408,,,,,,,,,,"GeForce GTX 960 (0)",,,4096.000000,"0x2021c0000","[Unified Memory Memcpy DtoH]",
24.536723,,,,,,,,,,,,,,"PC 0x9164a28b","0x2021c1000","[Unified Memory CPU page faults]",
24.536741,0.001248,,,,,,,,,,"GeForce GTX 960 (0)",,,4096.000000,"0x2021c1000","[Unified Memory Memcpy DtoH]",
24.536791,,,,,,,,,,,,,,"PC 0x9164a1f5","0x2021c2000","[Unified Memory CPU page faults]",
24.536809,0.001216,,,,,,,,,,"GeForce GTX 960 (0)",,,4096.000000,"0x2021c2000","[Unified Memory Memcpy DtoH]",
24.536876,,,,,,,,,,,,,,"PC 0x9164a1f5","0x2021c3000","[Unified Memory CPU page faults]",
24.536893,0.001248,,,,,,,,,,"GeForce GTX 960 (0)",,,4096.000000,"0x2021c3000","[Unified Memory Memcpy DtoH]",
24.537190,0.001472,,,,,,,,,,"GeForce GTX 960 (0)",,,4096.000000,"0x2021c0000","[Unified Memory Memcpy HtoD]",
24.537194,0.001440,,,,,,,,,,"GeForce GTX 960 (0)",,,4096.000000,"0x2021c2000","[Unified Memory Memcpy HtoD]",
24.537266,6.613658,62500,1,1,32,1,1,29,2.000000,128,"GeForce GTX 960 (0)","1","24",,,"spmv3",331
24.537498,0.001568,,,,,,,,,,"GeForce GTX 960 (0)",,,4096.000000,"0x2021c1000","[Unified Memory Memcpy HtoD]",
24.537516,0.002464,,,,,,,,,,"GeForce GTX 960 (0)",,,4096.000000,"0x2021c3000","[Unified Memory Memcpy HtoD]",
24.543879,6.561467,62500,1,1,32,1,1,29,2.000000,128,"GeForce GTX 960 (0)","1","25",,,"spmv3",337
24.550440,0.155101,176,1,1,32,1,1,8,0.000000,0,"GeForce GTX 960 (0)","1","24",,,"sum",342
24.550445,0.282394,176,1,1,32,1,1,8,0.000000,0,"GeForce GTX 960 (0)","1","25",,,"sum",347
24.550677,0.304634,176,1,1,32,1,1,14,0.000000,0,"GeForce GTX 960 (0)","1","24",,,"divide",354
24.550813,0.331769,176,1,1,32,1,1,14,0.000000,0,"GeForce GTX 960 (0)","1","25",,,"divide",361
24.551050,,,,,,,,,,,,,,"PC 0x9164a28b","0x2021c0000","[Unified Memory CPU page faults]",
24.551070,0.001248,,,,,,,,,,"GeForce GTX 960 (0)",,,4096.000000,"0x2021c0000","[Unified Memory Memcpy DtoH]",
24.551210,,,,,,,,,,,,,,"PC 0x9164a28b","0x2021c1000","[Unified Memory CPU page faults]",
24.551229,0.001280,,,,,,,,,,"GeForce GTX 960 (0)",,,4096.000000,"0x2021c1000","[Unified Memory Memcpy DtoH]",
24.551278,,,,,,,,,,,,,,"PC 0x9164a1f5","0x2021c2000","[Unified Memory CPU page faults]",
24.551296,0.001248,,,,,,,,,,"GeForce GTX 960 (0)",,,4096.000000,"0x2021c2000","[Unified Memory Memcpy DtoH]",
24.551342,,,,,,,,,,,,,,"PC 0x9164a1f5","0x2021c3000","[Unified Memory CPU page faults]",
24.551360,0.001216,,,,,,,,,,"GeForce GTX 960 (0)",,,4096.000000,"0x2021c3000","[Unified Memory Memcpy DtoH]",
24.551544,0.001472,,,,,,,,,,"GeForce GTX 960 (0)",,,4096.000000,"0x2021c0000","[Unified Memory Memcpy HtoD]",
24.551548,0.001472,,,,,,,,,,"GeForce GTX 960 (0)",,,4096.000000,"0x2021c2000","[Unified Memory Memcpy HtoD]",
24.551605,6.578971,62500,1,1,32,1,1,29,2.000000,128,"GeForce GTX 960 (0)","1","24",,,"spmv3",375
24.551777,0.001568,,,,,,,,,,"GeForce GTX 960 (0)",,,4096.000000,"0x2021c1000","[Unified Memory Memcpy HtoD]",
24.551781,0.001696,,,,,,,,,,"GeForce GTX 960 (0)",,,4096.000000,"0x2021c3000","[Unified Memory Memcpy HtoD]",
24.558183,6.595386,62500,1,1,32,1,1,29,2.000000,128,"GeForce GTX 960 (0)","1","25",,,"spmv3",381
24.564778,0.155005,176,1,1,32,1,1,8,0.000000,0,"GeForce GTX 960 (0)","1","24",,,"sum",386
24.564782,0.278970,176,1,1,32,1,1,8,0.000000,0,"GeForce GTX 960 (0)","1","25",,,"sum",391
24.565016,0.306682,176,1,1,32,1,1,14,0.000000,0,"GeForce GTX 960 (0)","1","24",,,"divide",398
24.565142,0.347033,176,1,1,32,1,1,14,0.000000,0,"GeForce GTX 960 (0)","1","25",,,"divide",405
24.565409,,,,,,,,,,,,,,"PC 0x9164a28b","0x2021c0000","[Unified Memory CPU page faults]",
24.565441,0.001280,,,,,,,,,,"GeForce GTX 960 (0)",,,4096.000000,"0x2021c0000","[Unified Memory Memcpy DtoH]",
24.565554,,,,,,,,,,,,,,"PC 0x9164a28b","0x2021c1000","[Unified Memory CPU page faults]",
24.565574,0.001248,,,,,,,,,,"GeForce GTX 960 (0)",,,4096.000000,"0x2021c1000","[Unified Memory Memcpy DtoH]",
24.565641,,,,,,,,,,,,,,"PC 0x9164a1f5","0x2021c2000","[Unified Memory CPU page faults]",
24.565671,0.001248,,,,,,,,,,"GeForce GTX 960 (0)",,,4096.000000,"0x2021c2000","[Unified Memory Memcpy DtoH]",
24.565718,,,,,,,,,,,,,,"PC 0x9164a1f5","0x2021c3000","[Unified Memory CPU page faults]",
24.565736,0.001248,,,,,,,,,,"GeForce GTX 960 (0)",,,4096.000000,"0x2021c3000","[Unified Memory Memcpy DtoH]",
24.565967,0.001440,,,,,,,,,,"GeForce GTX 960 (0)",,,4096.000000,"0x2021c0000","[Unified Memory Memcpy HtoD]",
24.565971,0.001472,,,,,,,,,,"GeForce GTX 960 (0)",,,4096.000000,"0x2021c2000","[Unified Memory Memcpy HtoD]",
24.566039,6.580475,62500,1,1,32,1,1,29,2.000000,128,"GeForce GTX 960 (0)","1","24",,,"spmv3",419
24.566214,0.001984,,,,,,,,,,"GeForce GTX 960 (0)",,,4096.000000,"0x2021c1000","[Unified Memory Memcpy HtoD]",
24.566218,0.002816,,,,,,,,,,"GeForce GTX 960 (0)",,,4096.000000,"0x2021c3000","[Unified Memory Memcpy HtoD]",
24.572619,6.591483,62500,1,1,32,1,1,29,2.000000,128,"GeForce GTX 960 (0)","1","25",,,"spmv3",425
24.579210,0.153021,176,1,1,32,1,1,8,0.000000,0,"GeForce GTX 960 (0)","1","24",,,"sum",430
24.579215,0.266074,176,1,1,32,1,1,8,0.000000,0,"GeForce GTX 960 (0)","1","25",,,"sum",435
24.579480,0.286011,176,1,1,32,1,1,14,0.000000,0,"GeForce GTX 960 (0)","1","24",,,"divide",442
24.579523,0.429175,176,1,1,32,1,1,14,0.000000,0,"GeForce GTX 960 (0)","1","25",,,"divide",449
24.579859,,,,,,,,,,,,,,"PC 0x9164a28b","0x2021c0000","[Unified Memory CPU page faults]",
24.579884,0.001344,,,,,,,,,,"GeForce GTX 960 (0)",,,4096.000000,"0x2021c0000","[Unified Memory Memcpy DtoH]",
24.579983,,,,,,,,,,,,,,"PC 0x9164a28b","0x2021c1000","[Unified Memory CPU page faults]",
24.580001,0.001248,,,,,,,,,,"GeForce GTX 960 (0)",,,4096.000000,"0x2021c1000","[Unified Memory Memcpy DtoH]",
24.580053,,,,,,,,,,,,,,"PC 0x9164a1f5","0x2021c2000","[Unified Memory CPU page faults]",
24.580071,0.001248,,,,,,,,,,"GeForce GTX 960 (0)",,,4096.000000,"0x2021c2000","[Unified Memory Memcpy DtoH]",
24.580126,,,,,,,,,,,,,,"PC 0x9164a1f5","0x2021c3000","[Unified Memory CPU page faults]",
24.580157,0.001248,,,,,,,,,,"GeForce GTX 960 (0)",,,4096.000000,"0x2021c3000","[Unified Memory Memcpy DtoH]",
24.580237,,,,,,,,,,,,,,"PC 0xa7a1e3de","0x201a00000","[Unified Memory CPU page faults]",
24.580259,0.001280,,,,,,,,,,"GeForce GTX 960 (0)",,,4096.000000,"0x201a00000","[Unified Memory Memcpy DtoH]",
24.580261,0.005087,,,,,,,,,,"GeForce GTX 960 (0)",,,61440.000000,"0x201a01000","[Unified Memory Memcpy DtoH]",
24.580347,,,,,,,,,,,,,,"PC 0xa7a1e3de","0x20b3c0000","[Unified Memory CPU page faults]",
24.580368,0.001248,,,,,,,,,,"GeForce GTX 960 (0)",,,4096.000000,"0x20b3c0000","[Unified Memory Memcpy DtoH]",
24.580369,0.005088,,,,,,,,,,"GeForce GTX 960 (0)",,,61440.000000,"0x20b3c1000","[Unified Memory Memcpy DtoH]",
25.129092,0.163933,,,,,,,,,,"GeForce GTX 960 (0)",,,2097152.000000,"0x201a00000","[Unified Memory Memcpy HtoD]",
25.129257,0.191996,,,,,,,,,,"GeForce GTX 960 (0)",,,2097152.000000,"0x201c00000","[Unified Memory Memcpy HtoD]",
25.129450,0.163036,,,,,,,,,,"GeForce GTX 960 (0)",,,2097152.000000,"0x201e00000","[Unified Memory Memcpy HtoD]",
25.129614,0.133470,,,,,,,,,,"GeForce GTX 960 (0)",,,1712128.000000,"0x202000000","[Unified Memory Memcpy HtoD]",
25.129749,0.001472,,,,,,,,,,"GeForce GTX 960 (0)",,,4096.000000,"0x2021c0000","[Unified Memory Memcpy HtoD]",
25.129752,0.001472,,,,,,,,,,"GeForce GTX 960 (0)",,,4096.000000,"0x2021c2000","[Unified Memory Memcpy HtoD]",
25.129754,0.142941,,,,,,,,,,"GeForce GTX 960 (0)",,,1835008.000000,"0x201240000","[Unified Memory Memcpy HtoD]",
25.129898,0.163292,,,,,,,,,,"GeForce GTX 960 (0)",,,2097152.000000,"0x201400000","[Unified Memory Memcpy HtoD]",
25.130063,0.163517,,,,,,,,,,"GeForce GTX 960 (0)",,,2097152.000000,"0x201600000","[Unified Memory Memcpy HtoD]",
25.130228,0.153597,,,,,,,,,,"GeForce GTX 960 (0)",,,1974272.000000,"0x201800000","[Unified Memory Memcpy HtoD]",
25.130382,0.082494,,,,,,,,,,"GeForce GTX 960 (0)",,,1048576.000000,"0x206700000","[Unified Memory Memcpy HtoD]",
25.130466,0.162973,,,,,,,,,,"GeForce GTX 960 (0)",,,2097152.000000,"0x206800000","[Unified Memory Memcpy HtoD]",
25.130630,0.171548,,,,,,,,,,"GeForce GTX 960 (0)",,,2097152.000000,"0x206a00000","[Unified Memory Memcpy HtoD]",
25.130803,0.190556,,,,,,,,,,"GeForce GTX 960 (0)",,,2097152.000000,"0x206c00000","[Unified Memory Memcpy HtoD]",
25.130995,0.162941,,,,,,,,,,"GeForce GTX 960 (0)",,,2097152.000000,"0x206e00000","[Unified Memory Memcpy HtoD]",
25.131159,0.163645,,,,,,,,,,"GeForce GTX 960 (0)",,,2097152.000000,"0x207000000","[Unified Memory Memcpy HtoD]",
25.131323,0.164412,,,,,,,,,,"GeForce GTX 960 (0)",,,2097152.000000,"0x207200000","[Unified Memory Memcpy HtoD]",
25.131489,0.163453,,,,,,,,,,"GeForce GTX 960 (0)",,,2097152.000000,"0x207400000","[Unified Memory Memcpy HtoD]",
25.131654,0.191196,,,,,,,,,,"GeForce GTX 960 (0)",,,2097152.000000,"0x207600000","[Unified Memory Memcpy HtoD]",
25.131846,0.171645,,,,,,,,,,"GeForce GTX 960 (0)",,,2097152.000000,"0x207800000","[Unified Memory Memcpy HtoD]",
25.132019,0.163324,,,,,,,,,,"GeForce GTX 960 (0)",,,2097152.000000,"0x207a00000","[Unified Memory Memcpy HtoD]",
25.132183,0.154493,,,,,,,,,,"GeForce GTX 960 (0)",,,1982464.000000,"0x207c00000","[Unified Memory Memcpy HtoD]",
25.132339,0.082047,,,,,,,,,,"GeForce GTX 960 (0)",,,1048576.000000,"0x209500000","[Unified Memory Memcpy HtoD]",
25.132422,0.162972,,,,,,,,,,"GeForce GTX 960 (0)",,,2097152.000000,"0x209600000","[Unified Memory Memcpy HtoD]",
25.132586,0.163261,,,,,,,,,,"GeForce GTX 960 (0)",,,2097152.000000,"0x209800000","[Unified Memory Memcpy HtoD]",
25.132751,0.163261,,,,,,,,,,"GeForce GTX 960 (0)",,,2097152.000000,"0x209a00000","[Unified Memory Memcpy HtoD]",
25.132915,0.162908,,,,,,,,,,"GeForce GTX 960 (0)",,,2097152.000000,"0x209c00000","[Unified Memory Memcpy HtoD]",
25.133079,0.163197,,,,,,,,,,"GeForce GTX 960 (0)",,,2097152.000000,"0x209e00000","[Unified Memory Memcpy HtoD]",
25.133244,0.162877,,,,,,,,,,"GeForce GTX 960 (0)",,,2097152.000000,"0x20a000000","[Unified Memory Memcpy HtoD]",
25.133408,0.162620,,,,,,,,,,"GeForce GTX 960 (0)",,,2097152.000000,"0x20a200000","[Unified Memory Memcpy HtoD]",
25.133571,0.162909,,,,,,,,,,"GeForce GTX 960 (0)",,,2097152.000000,"0x20a400000","[Unified Memory Memcpy HtoD]",
25.133735,0.163069,,,,,,,,,,"GeForce GTX 960 (0)",,,2097152.000000,"0x20a600000","[Unified Memory Memcpy HtoD]",
25.133900,0.163100,,,,,,,,,,"GeForce GTX 960 (0)",,,2097152.000000,"0x20a800000","[Unified Memory Memcpy HtoD]",
25.134064,0.154077,,,,,,,,,,"GeForce GTX 960 (0)",,,1982464.000000,"0x20aa00000","[Unified Memory Memcpy HtoD]",
25.134219,0.162877,,,,,,,,,,"GeForce GTX 960 (0)",,,2097152.000000,"0x20ac00000","[Unified Memory Memcpy HtoD]",
25.134383,0.162653,,,,,,,,,,"GeForce GTX 960 (0)",,,2097152.000000,"0x20ae00000","[Unified Memory Memcpy HtoD]",
25.134547,0.163229,,,,,,,,,,"GeForce GTX 960 (0)",,,2097152.000000,"0x20b000000","[Unified Memory Memcpy HtoD]",
25.134712,0.133437,,,,,,,,,,"GeForce GTX 960 (0)",,,1712128.000000,"0x20b200000","[Unified Memory Memcpy HtoD]",
25.134847,0.021344,,,,,,,,,,"GeForce GTX 960 (0)",,,262144.000000,"0x20b3c0000","[Unified Memory Memcpy HtoD]",
25.134869,0.163389,,,,,,,,,,"GeForce GTX 960 (0)",,,2097152.000000,"0x20b400000","[Unified Memory Memcpy HtoD]",
25.135034,0.175004,,,,,,,,,,"GeForce GTX 960 (0)",,,2097152.000000,"0x20b600000","[Unified Memory Memcpy HtoD]",
25.135210,0.181980,,,,,,,,,,"GeForce GTX 960 (0)",,,2097152.000000,"0x20b800000","[Unified Memory Memcpy HtoD]",
25.135393,0.112446,,,,,,,,,,"GeForce GTX 960 (0)",,,1449984.000000,"0x20ba00000","[Unified Memory Memcpy HtoD]",
25.135935,7.815842,62500,1,1,32,1,1,29,2.000000,128,"GeForce GTX 960 (0)","1","24",,,"spmv3",465
25.136259,0.001984,,,,,,,,,,"GeForce GTX 960 (0)",,,4096.000000,"0x2021c1000","[Unified Memory Memcpy HtoD]",
25.136264,0.001792,,,,,,,,,,"GeForce GTX 960 (0)",,,4096.000000,"0x2021c3000","[Unified Memory Memcpy HtoD]",
25.136343,0.122430,,,,,,,,,,"GeForce GTX 960 (0)",,,1572864.000000,"0x200a80000","[Unified Memory Memcpy HtoD]",
25.136468,0.163772,,,,,,,,,,"GeForce GTX 960 (0)",,,2097152.000000,"0x200c00000","[Unified Memory Memcpy HtoD]",
25.136635,0.163773,,,,,,,,,,"GeForce GTX 960 (0)",,,2097152.000000,"0x200e00000","[Unified Memory Memcpy HtoD]",
25.136801,0.163645,,,,,,,,,,"GeForce GTX 960 (0)",,,2097152.000000,"0x201000000","[Unified Memory Memcpy HtoD]",
25.136967,0.012351,,,,,,,,,,"GeForce GTX 960 (0)",,,139264.000000,"0x201200000","[Unified Memory Memcpy HtoD]",
25.136981,0.163773,,,,,,,,,,"GeForce GTX 960 (0)",,,2097152.000000,"0x205000000","[Unified Memory Memcpy HtoD]",
25.137148,0.163293,,,,,,,,,,"GeForce GTX 960 (0)",,,2097152.000000,"0x205200000","[Unified Memory Memcpy HtoD]",
25.137314,0.163133,,,,,,,,,,"GeForce GTX 960 (0)",,,2097152.000000,"0x205400000","[Unified Memory Memcpy HtoD]",
25.137480,0.163261,,,,,,,,,,"GeForce GTX 960 (0)",,,2097152.000000,"0x205600000","[Unified Memory Memcpy HtoD]",
25.137646,0.162812,,,,,,,,,,"GeForce GTX 960 (0)",,,2097152.000000,"0x205800000","[Unified Memory Memcpy HtoD]",
25.137811,0.163005,,,,,,,,,,"GeForce GTX 960 (0)",,,2097152.000000,"0x205a00000","[Unified Memory Memcpy HtoD]",
25.137976,0.163037,,,,,,,,,,"GeForce GTX 960 (0)",,,2097152.000000,"0x205c00000","[Unified Memory Memcpy HtoD]",
25.138142,0.162844,,,,,,,,,,"GeForce GTX 960 (0)",,,2097152.000000,"0x205e00000","[Unified Memory Memcpy HtoD]",
25.138308,0.163229,,,,,,,,,,"GeForce GTX 960 (0)",,,2097152.000000,"0x206000000","[Unified Memory Memcpy HtoD]",
25.138474,0.163485,,,,,,,,,,"GeForce GTX 960 (0)",,,2097152.000000,"0x206200000","[Unified Memory Memcpy HtoD]",
25.138639,0.162780,,,,,,,,,,"GeForce GTX 960 (0)",,,2097152.000000,"0x206400000","[Unified Memory Memcpy HtoD]",
25.138805,0.073887,,,,,,,,,,"GeForce GTX 960 (0)",,,933888.000000,"0x206600000","[Unified Memory Memcpy HtoD]",
25.138882,0.163388,,,,,,,,,,"GeForce GTX 960 (0)",,,2097152.000000,"0x207e00000","[Unified Memory Memcpy HtoD]",
25.139048,0.162909,,,,,,,,,,"GeForce GTX 960 (0)",,,2097152.000000,"0x208000000","[Unified Memory Memcpy HtoD]",
25.139212,0.163293,,,,,,,,,,"GeForce GTX 960 (0)",,,2097152.000000,"0x208200000","[Unified Memory Memcpy HtoD]",
25.139378,0.163388,,,,,,,,,,"GeForce GTX 960 (0)",,,2097152.000000,"0x208400000","[Unified Memory Memcpy HtoD]",
25.139545,0.162557,,,,,,,,,,"GeForce GTX 960 (0)",,,2097152.000000,"0x208600000","[Unified Memory Memcpy HtoD]",
25.139709,0.163069,,,,,,,,,,"GeForce GTX 960 (0)",,,2097152.000000,"0x208800000","[Unified Memory Memcpy HtoD]",
25.139875,0.163740,,,,,,,,,,"GeForce GTX 960 (0)",,,2097152.000000,"0x208a00000","[Unified Memory Memcpy HtoD]",
25.140041,0.164093,,,,,,,,,,"GeForce GTX 960 (0)",,,2097152.000000,"0x208c00000","[Unified Memory Memcpy HtoD]",
25.140206,0.164029,,,,,,,,,,"GeForce GTX 960 (0)",,,2097152.000000,"0x208e00000","[Unified Memory Memcpy HtoD]",
25.140373,0.163708,,,,,,,,,,"GeForce GTX 960 (0)",,,2097152.000000,"0x209000000","[Unified Memory Memcpy HtoD]",
25.140538,0.162941,,,,,,,,,,"GeForce GTX 960 (0)",,,2097152.000000,"0x209200000","[Unified Memory Memcpy HtoD]",
25.140703,0.073470,,,,,,,,,,"GeForce GTX 960 (0)",,,933888.000000,"0x209400000","[Unified Memory Memcpy HtoD]",
25.140779,0.042207,,,,,,,,,,"GeForce GTX 960 (0)",,,524288.000000,"0x20bb80000","[Unified Memory Memcpy HtoD]",
25.140823,0.163165,,,,,,,,,,"GeForce GTX 960 (0)",,,2097152.000000,"0x20bc00000","[Unified Memory Memcpy HtoD]",
25.140988,0.163133,,,,,,,,,,"GeForce GTX 960 (0)",,,2097152.000000,"0x20be00000","[Unified Memory Memcpy HtoD]",
25.141153,0.163420,,,,,,,,,,"GeForce GTX 960 (0)",,,2097152.000000,"0x20c000000","[Unified Memory Memcpy HtoD]",
25.141319,0.092895,,,,,,,,,,"GeForce GTX 960 (0)",,,1187840.000000,"0x20c200000","[Unified Memory Memcpy HtoD]",
25.143750,6.604442,62500,1,1,32,1,1,29,2.000000,128,"GeForce GTX 960 (0)","1","25",,,"spmv3",471
25.150354,0.156125,176,1,1,32,1,1,8,0.000000,0,"GeForce GTX 960 (0)","1","24",,,"sum",476
25.150358,0.270363,176,1,1,32,1,1,8,0.000000,0,"GeForce GTX 960 (0)","1","25",,,"sum",481
25.150608,0.287835,176,1,1,32,1,1,14,0.000000,0,"GeForce GTX 960 (0)","1","24",,,"divide",488
25.150705,0.376537,176,1,1,32,1,1,14,0.000000,0,"GeForce GTX 960 (0)","1","25",,,"divide",495
25.150981,,,,,,,,,,,,,,"PC 0x9164a28b","0x2021c0000","[Unified Memory CPU page faults]",
25.151009,0.001408,,,,,,,,,,"GeForce GTX 960 (0)",,,4096.000000,"0x2021c0000","[Unified Memory Memcpy DtoH]",
25.151253,,,,,,,,,,,,,,"PC 0x9164a28b","0x2021c1000","[Unified Memory CPU page faults]",
25.151277,0.001248,,,,,,,,,,"GeForce GTX 960 (0)",,,4096.000000,"0x2021c1000","[Unified Memory Memcpy DtoH]",
25.151305,,,,,,,,,,,,,,"PC 0x9164a1f5","0x2021c2000","[Unified Memory CPU page faults]",
25.151326,0.001216,,,,,,,,,,"GeForce GTX 960 (0)",,,4096.000000,"0x2021c2000","[Unified Memory Memcpy DtoH]",
25.151339,,,,,,,,,,,,,,"PC 0x9164a1f5","0x2021c3000","[Unified Memory CPU page faults]",
25.151361,0.001216,,,,,,,,,,"GeForce GTX 960 (0)",,,4096.000000,"0x2021c3000","[Unified Memory Memcpy DtoH]",
25.151593,0.001504,,,,,,,,,,"GeForce GTX 960 (0)",,,4096.000000,"0x2021c0000","[Unified Memory Memcpy HtoD]",
25.151597,0.001504,,,,,,,,,,"GeForce GTX 960 (0)",,,4096.000000,"0x2021c2000","[Unified Memory Memcpy HtoD]",
25.151639,6.609371,62500,1,1,32,1,1,29,2.000000,128,"GeForce GTX 960 (0)","1","24",,,"spmv3",509
25.151801,0.001952,,,,,,,,,,"GeForce GTX 960 (0)",,,4096.000000,"0x2021c1000","[Unified Memory Memcpy HtoD]",
25.151805,0.001824,,,,,,,,,,"GeForce GTX 960 (0)",,,4096.000000,"0x2021c3000","[Unified Memory Memcpy HtoD]",
25.158247,6.589370,62500,1,1,32,1,1,29,2.000000,128,"GeForce GTX 960 (0)","1","25",,,"spmv3",515
25.164836,0.154909,176,1,1,32,1,1,8,0.000000,0,"GeForce GTX 960 (0)","1","24",,,"sum",520
25.164840,0.266427,176,1,1,32,1,1,8,0.000000,0,"GeForce GTX 960 (0)","1","25",,,"sum",525
25.165155,0.274778,176,1,1,32,1,1,14,0.000000,0,"GeForce GTX 960 (0)","1","24",,,"divide",532
25.165233,0.386488,176,1,1,32,1,1,14,0.000000,0,"GeForce GTX 960 (0)","1","25",,,"divide",539
25.165467,,,,,,,,,,,,,,"PC 0x9164a28b","0x2021c0000","[Unified Memory CPU page faults]",
25.165494,0.001280,,,,,,,,,,"GeForce GTX 960 (0)",,,4096.000000,"0x2021c0000","[Unified Memory Memcpy DtoH]",
25.165631,,,,,,,,,,,,,,"PC 0x9164a28b","0x2021c1000","[Unified Memory CPU page faults]",
25.165654,0.001280,,,,,,,,,,"GeForce GTX 960 (0)",,,4096.000000,"0x2021c1000","[Unified Memory Memcpy DtoH]",
25.165700,,,,,,,,,,,,,,"PC 0x9164a1f5","0x2021c2000","[Unified Memory CPU page faults]",
25.165722,0.001248,,,,,,,,,,"GeForce GTX 960 (0)",,,4096.000000,"0x2021c2000","[Unified Memory Memcpy DtoH]",
25.165764,,,,,,,,,,,,,,"PC 0x9164a1f5","0x2021c3000","[Unified Memory CPU page faults]",
25.165785,0.001216,,,,,,,,,,"GeForce GTX 960 (0)",,,4096.000000,"0x2021c3000","[Unified Memory Memcpy DtoH]",
25.165998,0.001472,,,,,,,,,,"GeForce GTX 960 (0)",,,4096.000000,"0x2021c0000","[Unified Memory Memcpy HtoD]",
25.166000,0.001472,,,,,,,,,,"GeForce GTX 960 (0)",,,4096.000000,"0x2021c2000","[Unified Memory Memcpy HtoD]",
25.166070,6.615994,62500,1,1,32,1,1,29,2.000000,128,"GeForce GTX 960 (0)","1","24",,,"spmv3",553
25.166212,0.001472,,,,,,,,,,"GeForce GTX 960 (0)",,,4096.000000,"0x2021c1000","[Unified Memory Memcpy HtoD]",
25.166214,0.001504,,,,,,,,,,"GeForce GTX 960 (0)",,,4096.000000,"0x2021c3000","[Unified Memory Memcpy HtoD]",
25.172686,6.579867,62500,1,1,32,1,1,29,2.000000,128,"GeForce GTX 960 (0)","1","25",,,"spmv3",559
25.179265,0.155997,176,1,1,32,1,1,8,0.000000,0,"GeForce GTX 960 (0)","1","24",,,"sum",564
25.179269,0.284506,176,1,1,32,1,1,8,0.000000,0,"GeForce GTX 960 (0)","1","25",,,"sum",569
25.179501,0.327866,176,1,1,32,1,1,14,0.000000,0,"GeForce GTX 960 (0)","1","24",,,"divide",576
25.179573,0.412280,176,1,1,32,1,1,14,0.000000,0,"GeForce GTX 960 (0)","1","25",,,"divide",583
25.179861,,,,,,,,,,,,,,"PC 0x9164a28b","0x2021c0000","[Unified Memory CPU page faults]",
25.179884,0.001248,,,,,,,,,,"GeForce GTX 960 (0)",,,4096.000000,"0x2021c0000","[Unified Memory Memcpy DtoH]",
25.179998,,,,,,,,,,,,,,"PC 0x9164a28b","0x2021c1000","[Unified Memory CPU page faults]",
25.180020,0.001248,,,,,,,,,,"GeForce GTX 960 (0)",,,4096.000000,"0x2021c1000","[Unified Memory Memcpy DtoH]",
25.180065,,,,,,,,,,,,,,"PC 0x9164a1f5","0x2021c2000","[Unified Memory CPU page faults]",
25.180087,0.001248,,,,,,,,,,"GeForce GTX 960 (0)",,,4096.000000,"0x2021c2000","[Unified Memory Memcpy DtoH]",
25.180150,,,,,,,,,,,,,,"PC 0x9164a1f5","0x2021c3000","[Unified Memory CPU page faults]",
25.180171,0.001280,,,,,,,,,,"GeForce GTX 960 (0)",,,4096.000000,"0x2021c3000","[Unified Memory Memcpy DtoH]",
25.180340,0.001504,,,,,,,,,,"GeForce GTX 960 (0)",,,4096.000000,"0x2021c0000","[Unified Memory Memcpy HtoD]",
25.180342,0.001504,,,,,,,,,,"GeForce GTX 960 (0)",,,4096.000000,"0x2021c2000","[Unified Memory Memcpy HtoD]",
25.180461,6.567675,62500,1,1,32,1,1,29,2.000000,128,"GeForce GTX 960 (0)","1","24",,,"spmv3",597
25.180602,0.001792,,,,,,,,,,"GeForce GTX 960 (0)",,,4096.000000,"0x2021c1000","[Unified Memory Memcpy HtoD]",
25.180606,0.001984,,,,,,,,,,"GeForce GTX 960 (0)",,,4096.000000,"0x2021c3000","[Unified Memory Memcpy HtoD]",
25.187028,6.595099,62500,1,1,32,1,1,29,2.000000,128,"GeForce GTX 960 (0)","1","25",,,"spmv3",603
25.193623,0.156156,176,1,1,32,1,1,8,0.000000,0,"GeForce GTX 960 (0)","1","24",,,"sum",608
25.193627,0.264955,176,1,1,32,1,1,8,0.000000,0,"GeForce GTX 960 (0)","1","25",,,"sum",613
25.193921,0.272410,176,1,1,32,1,1,14,0.000000,0,"GeForce GTX 960 (0)","1","24",,,"divide",620
25.193998,0.388312,176,1,1,32,1,1,14,0.000000,0,"GeForce GTX 960 (0)","1","25",,,"divide",627
25.194274,,,,,,,,,,,,,,"PC 0x9164a28b","0x2021c0000","[Unified Memory CPU page faults]",
25.194305,0.001280,,,,,,,,,,"GeForce GTX 960 (0)",,,4096.000000,"0x2021c0000","[Unified Memory Memcpy DtoH]",
25.194440,,,,,,,,,,,,,,"PC 0x9164a28b","0x2021c1000","[Unified Memory CPU page faults]",
25.194463,0.001248,,,,,,,,,,"GeForce GTX 960 (0)",,,4096.000000,"0x2021c1000","[Unified Memory Memcpy DtoH]",
25.194516,,,,,,,,,,,,,,"PC 0x9164a1f5","0x2021c2000","[Unified Memory CPU page faults]",
25.194538,0.001248,,,,,,,,,,"GeForce GTX 960 (0)",,,4096.000000,"0x2021c2000","[Unified Memory Memcpy DtoH]",
25.194589,,,,,,,,,,,,,,"PC 0x9164a1f5","0x2021c3000","[Unified Memory CPU page faults]",
25.194610,0.001248,,,,,,,,,,"GeForce GTX 960 (0)",,,4096.000000,"0x2021c3000","[Unified Memory Memcpy DtoH]",
25.194857,0.001472,,,,,,,,,,"GeForce GTX 960 (0)",,,4096.000000,"0x2021c0000","[Unified Memory Memcpy HtoD]",
25.194860,0.001439,,,,,,,,,,"GeForce GTX 960 (0)",,,4096.000000,"0x2021c2000","[Unified Memory Memcpy HtoD]",
25.194942,6.593754,62500,1,1,32,1,1,29,2.000000,128,"GeForce GTX 960 (0)","1","24",,,"spmv3",641
25.195131,0.001504,,,,,,,,,,"GeForce GTX 960 (0)",,,4096.000000,"0x2021c1000","[Unified Memory Memcpy HtoD]",
25.195148,0.001856,,,,,,,,,,"GeForce GTX 960 (0)",,,4096.000000,"0x2021c3000","[Unified Memory Memcpy HtoD]",
25.201535,6.594235,62500,1,1,32,1,1,29,2.000000,128,"GeForce GTX 960 (0)","1","25",,,"spmv3",647
25.208129,0.158173,176,1,1,32,1,1,8,0.000000,0,"GeForce GTX 960 (0)","1","24",,,"sum",652
25.208132,0.267994,176,1,1,32,1,1,8,0.000000,0,"GeForce GTX 960 (0)","1","25",,,"sum",657
25.208407,0.263547,176,1,1,32,1,1,14,0.000000,0,"GeForce GTX 960 (0)","1","24",,,"divide",664
25.208518,0.347289,176,1,1,32,1,1,14,0.000000,0,"GeForce GTX 960 (0)","1","25",,,"divide",671
25.208739,,,,,,,,,,,,,,"PC 0x9164a28b","0x2021c0000","[Unified Memory CPU page faults]",
25.208765,0.001312,,,,,,,,,,"GeForce GTX 960 (0)",,,4096.000000,"0x2021c0000","[Unified Memory Memcpy DtoH]",
25.208920,,,,,,,,,,,,,,"PC 0x9164a28b","0x2021c1000","[Unified Memory CPU page faults]",
25.208943,0.001248,,,,,,,,,,"GeForce GTX 960 (0)",,,4096.000000,"0x2021c1000","[Unified Memory Memcpy DtoH]",
25.209038,,,,,,,,,,,,,,"PC 0x9164a1f5","0x2021c2000","[Unified Memory CPU page faults]",
25.209075,0.001248,,,,,,,,,,"GeForce GTX 960 (0)",,,4096.000000,"0x2021c2000","[Unified Memory Memcpy DtoH]",
25.209142,,,,,,,,,,,,,,"PC 0x9164a1f5","0x2021c3000","[Unified Memory CPU page faults]",
25.209163,0.001280,,,,,,,,,,"GeForce GTX 960 (0)",,,4096.000000,"0x2021c3000","[Unified Memory Memcpy DtoH]",
25.209223,,,,,,,,,,,,,,"PC 0xa7a1e3de","0x201a00000","[Unified Memory CPU page faults]",
25.209249,0.001248,,,,,,,,,,"GeForce GTX 960 (0)",,,4096.000000,"0x201a00000","[Unified Memory Memcpy DtoH]",
25.209250,0.005088,,,,,,,,,,"GeForce GTX 960 (0)",,,61440.000000,"0x201a01000","[Unified Memory Memcpy DtoH]",
25.209309,,,,,,,,,,,,,,"PC 0xa7a1e3de","0x20b3c0000","[Unified Memory CPU page faults]",
25.209334,0.001248,,,,,,,,,,"GeForce GTX 960 (0)",,,4096.000000,"0x20b3c0000","[Unified Memory Memcpy DtoH]",
25.209335,0.005088,,,,,,,,,,"GeForce GTX 960 (0)",,,61440.000000,"0x20b3c1000","[Unified Memory Memcpy DtoH]",
25.733650,0.162493,,,,,,,,,,"GeForce GTX 960 (0)",,,2097152.000000,"0x201a00000","[Unified Memory Memcpy HtoD]",
25.733813,0.162813,,,,,,,,,,"GeForce GTX 960 (0)",,,2097152.000000,"0x201c00000","[Unified Memory Memcpy HtoD]",
25.733977,0.163229,,,,,,,,,,"GeForce GTX 960 (0)",,,2097152.000000,"0x201e00000","[Unified Memory Memcpy HtoD]",
25.734142,0.133021,,,,,,,,,,"GeForce GTX 960 (0)",,,1712128.000000,"0x202000000","[Unified Memory Memcpy HtoD]",
25.734276,0.001472,,,,,,,,,,"GeForce GTX 960 (0)",,,4096.000000,"0x2021c0000","[Unified Memory Memcpy HtoD]",
25.734278,0.001440,,,,,,,,,,"GeForce GTX 960 (0)",,,4096.000000,"0x2021c2000","[Unified Memory Memcpy HtoD]",
25.734281,0.151389,,,,,,,,,,"GeForce GTX 960 (0)",,,1835008.000000,"0x201240000","[Unified Memory Memcpy HtoD]",
25.734434,0.162845,,,,,,,,,,"GeForce GTX 960 (0)",,,2097152.000000,"0x201400000","[Unified Memory Memcpy HtoD]",
25.734598,0.162973,,,,,,,,,,"GeForce GTX 960 (0)",,,2097152.000000,"0x201600000","[Unified Memory Memcpy HtoD]",
25.734762,0.154332,,,,,,,,,,"GeForce GTX 960 (0)",,,1974272.000000,"0x201800000","[Unified Memory Memcpy HtoD]",
25.734917,0.082335,,,,,,,,,,"GeForce GTX 960 (0)",,,1048576.000000,"0x206700000","[Unified Memory Memcpy HtoD]",
25.735001,0.162940,,,,,,,,,,"GeForce GTX 960 (0)",,,2097152.000000,"0x206800000","[Unified Memory Memcpy HtoD]",
25.735165,0.162621,,,,,,,,,,"GeForce GTX 960 (0)",,,2097152.000000,"0x206a00000","[Unified Memory Memcpy HtoD]",
25.735329,0.163197,,,,,,,,,,"GeForce GTX 960 (0)",,,2097152.000000,"0x206c00000","[Unified Memory Memcpy HtoD]",
25.735493,0.163228,,,,,,,,,,"GeForce GTX 960 (0)",,,2097152.000000,"0x206e00000","[Unified Memory Memcpy HtoD]",
25.735658,0.163069,,,,,,,,,,"GeForce GTX 960 (0)",,,2097152.000000,"0x207000000","[Unified Memory Memcpy HtoD]",
25.735822,0.162845,,,,,,,,,,"GeForce GTX 960 (0)",,,2097152.000000,"0x207200000","[Unified Memory Memcpy HtoD]",
25.735986,0.163069,,,,,,,,,,"GeForce GTX 960 (0)",,,2097152.000000,"0x207400000","[Unified Memory Memcpy HtoD]",
25.736151,0.162877,,,,,,,,,,"GeForce GTX 960 (0)",,,2097152.000000,"0x207600000","[Unified Memory Memcpy HtoD]",
25.736315,0.162589,,,,,,,,,,"GeForce GTX 960 (0)",,,2097152.000000,"0x207800000","[Unified Memory Memcpy HtoD]",
25.736479,0.162813,,,,,,,,,,"GeForce GTX 960 (0)",,,2097152.000000,"0x207a00000","[Unified Memory Memcpy HtoD]",
25.736643,0.154268,,,,,,,,,,"GeForce GTX 960 (0)",,,1982464.000000,"0x207c00000","[Unified Memory Memcpy HtoD]",
25.736798,0.082431,,,,,,,,,,"GeForce GTX 960 (0)",,,1048576.000000,"0x209500000","[Unified Memory Memcpy HtoD]",
25.736882,0.163804,,,,,,,,,,"GeForce GTX 960 (0)",,,2097152.000000,"0x209600000","[Unified Memory Memcpy HtoD]",
25.737047,0.162717,,,,,,,,,,"GeForce GTX 960 (0)",,,2097152.000000,"0x209800000","[Unified Memory Memcpy HtoD]",
25.737210,0.163069,,,,,,,,,,"GeForce GTX 960 (0)",,,2097152.000000,"0x209a00000","[Unified Memory Memcpy HtoD]",
25.737375,0.163100,,,,,,,,,,"GeForce GTX 960 (0)",,,2097152.000000,"0x209c00000","[Unified Memory Memcpy HtoD]",
25.737539,0.162525,,,,,,,,,,"GeForce GTX 960 (0)",,,2097152.000000,"0x209e00000","[Unified Memory Memcpy HtoD]",
25.737703,0.163069,,,,,,,,,,"GeForce GTX 960 (0)",,,2097152.000000,"0x20a000000","[Unified Memory Memcpy HtoD]",
25.737867,0.162556,,,,,,,,,,"GeForce GTX 960 (0)",,,2097152.000000,"0x20a200000","[Unified Memory Memcpy HtoD]",
25.738031,0.163037,,,,,,,,,,"GeForce GTX 960 (0)",,,2097152.000000,"0x20a400000","[Unified Memory Memcpy HtoD]",
25.738195,0.163005,,,,,,,,,,"GeForce GTX 960 (0)",,,2097152.000000,"0x20a600000","[Unified Memory Memcpy HtoD]",
25.738359,0.162812,,,,,,,,,,"GeForce GTX 960 (0)",,,2097152.000000,"0x20a800000","[Unified Memory Memcpy HtoD]",
25.738523,0.154461,,,,,,,,,,"GeForce GTX 960 (0)",,,1982464.000000,"0x20aa00000","[Unified Memory Memcpy HtoD]",
25.738679,0.162685,,,,,,,,,,"GeForce GTX 960 (0)",,,2097152.000000,"0x20ac00000","[Unified Memory Memcpy HtoD]",
25.738842,0.162557,,,,,,,,,,"GeForce GTX 960 (0)",,,2097152.000000,"0x20ae00000","[Unified Memory Memcpy HtoD]",
25.739006,0.163228,,,,,,,,,,"GeForce GTX 960 (0)",,,2097152.000000,"0x20b000000","[Unified Memory Memcpy HtoD]",
25.739171,0.133470,,,,,,,,,,"GeForce GTX 960 (0)",,,1712128.000000,"0x20b200000","[Unified Memory Memcpy HtoD]",
25.739305,0.021343,,,,,,,,,,"GeForce GTX 960 (0)",,,262144.000000,"0x20b3c0000","[Unified Memory Memcpy HtoD]",
25.739328,0.172061,,,,,,,,,,"GeForce GTX 960 (0)",,,2097152.000000,"0x20b400000","[Unified Memory Memcpy HtoD]",
25.739501,0.163196,,,,,,,,,,"GeForce GTX 960 (0)",,,2097152.000000,"0x20b600000","[Unified Memory Memcpy HtoD]",
25.739665,0.162717,,,,,,,,,,"GeForce GTX 960 (0)",,,2097152.000000,"0x20b800000","[Unified Memory Memcpy HtoD]",
25.739829,0.112702,,,,,,,,,,"GeForce GTX 960 (0)",,,1449984.000000,"0x20ba00000","[Unified Memory Memcpy HtoD]",
25.740267,7.856129,62500,1,1,32,1,1,29,2.000000,128,"GeForce GTX 960 (0)","1","24",,,"spmv3",687
25.740586,0.001600,,,,,,,,,,"GeForce GTX 960 (0)",,,4096.000000,"0x2021c1000","[Unified Memory Memcpy HtoD]",
25.740592,0.002016,,,,,,,,,,"GeForce GTX 960 (0)",,,4096.000000,"0x2021c3000","[Unified Memory Memcpy HtoD]",
25.740673,0.123741,,,,,,,,,,"GeForce GTX 960 (0)",,,1572864.000000,"0x200a80000","[Unified Memory Memcpy HtoD]",
25.740799,0.163517,,,,,,,,,,"GeForce GTX 960 (0)",,,2097152.000000,"0x200c00000","[Unified Memory Memcpy HtoD]",
25.740965,0.163101,,,,,,,,,,"GeForce GTX 960 (0)",,,2097152.000000,"0x200e00000","[Unified Memory Memcpy HtoD]",
25.741131,0.164028,,,,,,,,,,"GeForce GTX 960 (0)",,,2097152.000000,"0x201000000","[Unified Memory Memcpy HtoD]",
25.741298,0.012928,,,,,,,,,,"GeForce GTX 960 (0)",,,139264.000000,"0x201200000","[Unified Memory Memcpy HtoD]",
25.741314,0.163101,,,,,,,,,,"GeForce GTX 960 (0)",,,2097152.000000,"0x205000000","[Unified Memory Memcpy HtoD]",
25.741479,0.162684,,,,,,,,,,"GeForce GTX 960 (0)",,,2097152.000000,"0x205200000","[Unified Memory Memcpy HtoD]",
25.741644,0.163165,,,,,,,,,,"GeForce GTX 960 (0)",,,2097152.000000,"0x205400000","[Unified Memory Memcpy HtoD]",
25.741811,0.163037,,,,,,,,,,"GeForce GTX 960 (0)",,,2097152.000000,"0x205600000","[Unified Memory Memcpy HtoD]",
25.741975,0.163356,,,,,,,,,,"GeForce GTX 960 (0)",,,2097152.000000,"0x205800000","[Unified Memory Memcpy HtoD]",
25.742141,0.163293,,,,,,,,,,"GeForce GTX 960 (0)",,,2097152.000000,"0x205a00000","[Unified Memory Memcpy HtoD]",
25.742307,0.163101,,,,,,,,,,"GeForce GTX 960 (0)",,,2097152.000000,"0x205c00000","[Unified Memory Memcpy HtoD]",
25.742472,0.163548,,,,,,,,,,"GeForce GTX 960 (0)",,,2097152.000000,"0x205e00000","[Unified Memory Memcpy HtoD]",
25.742637,0.163261,,,,,,,,,,"GeForce GTX 960 (0)",,,2097152.000000,"0x206000000","[Unified Memory Memcpy HtoD]",
25.742803,0.162941,,,,,,,,,,"GeForce GTX 960 (0)",,,2097152.000000,"0x206200000","[Unified Memory Memcpy HtoD]",
25.742968,0.162941,,,,,,,,,,"GeForce GTX 960 (0)",,,2097152.000000,"0x206400000","[Unified Memory Memcpy HtoD]",
25.743135,0.073727,,,,,,,,,,"GeForce GTX 960 (0)",,,933888.000000,"0x206600000","[Unified Memory Memcpy HtoD]",
25.743211,0.163676,,,,,,,,,,"GeForce GTX 960 (0)",,,2097152.000000,"0x207e00000","[Unified Memory Memcpy HtoD]",
25.743377,0.173053,,,,,,,,,,"GeForce GTX 960 (0)",,,2097152.000000,"0x208000000","[Unified Memory Memcpy HtoD]",
25.743553,0.163484,,,,,,,,,,"GeForce GTX 960 (0)",,,2097152.000000,"0x208200000","[Unified Memory Memcpy HtoD]",
25.743719,0.162845,,,,,,,,,,"GeForce GTX 960 (0)",,,2097152.000000,"0x208400000","[Unified Memory Memcpy HtoD]",
25.743884,0.162749,,,,,,,,,,"GeForce GTX 960 (0)",,,2097152.000000,"0x208600000","[Unified Memory Memcpy HtoD]",
25.744050,0.163292,,,,,,,,,,"GeForce GTX 960 (0)",,,2097152.000000,"0x208800000","[Unified Memory Memcpy HtoD]",
25.744215,0.163325,,,,,,,,,,"GeForce GTX 960 (0)",,,2097152.000000,"0x208a00000","[Unified Memory Memcpy HtoD]",
25.744381,0.163805,,,,,,,,,,"GeForce GTX 960 (0)",,,2097152.000000,"0x208c00000","[Unified Memory Memcpy HtoD]",
25.744547,0.162908,,,,,,,,,,"GeForce GTX 960 (0)",,,2097152.000000,"0x208e00000","[Unified Memory Memcpy HtoD]",
25.744713,0.163133,,,,,,,,,,"GeForce GTX 960 (0)",,,2097152.000000,"0x209000000","[Unified Memory Memcpy HtoD]",
25.744879,0.163388,,,,,,,,,,"GeForce GTX 960 (0)",,,2097152.000000,"0x209200000","[Unified Memory Memcpy HtoD]",
25.745045,0.073855,,,,,,,,,,"GeForce GTX 960 (0)",,,933888.000000,"0x209400000","[Unified Memory Memcpy HtoD]",
25.745121,0.042335,,,,,,,,,,"GeForce GTX 960 (0)",,,524288.000000,"0x20bb80000","[Unified Memory Memcpy HtoD]",
25.745166,0.163773,,,,,,,,,,"GeForce GTX 960 (0)",,,2097152.000000,"0x20bc00000","[Unified Memory Memcpy HtoD]",
25.745332,0.163612,,,,,,,,,,"GeForce GTX 960 (0)",,,2097152.000000,"0x20be00000","[Unified Memory Memcpy HtoD]",
25.745498,0.164061,,,,,,,,,,"GeForce GTX 960 (0)",,,2097152.000000,"0x20c000000","[Unified Memory Memcpy HtoD]",
25.745664,0.093502,,,,,,,,,,"GeForce GTX 960 (0)",,,1187840.000000,"0x20c200000","[Unified Memory Memcpy HtoD]",
25.748122,6.565531,62500,1,1,32,1,1,29,2.000000,128,"GeForce GTX 960 (0)","1","25",,,"spmv3",693
25.754687,0.156157,176,1,1,32,1,1,8,0.000000,0,"GeForce GTX 960 (0)","1","24",,,"sum",698
25.754691,0.265563,176,1,1,32,1,1,8,0.000000,0,"GeForce GTX 960 (0)","1","25",,,"sum",703
25.755013,0.289434,176,1,1,32,1,1,14,0.000000,0,"GeForce GTX 960 (0)","1","24",,,"divide",710
25.755047,0.436503,176,1,1,32,1,1,14,0.000000,0,"GeForce GTX 960 (0)","1","25",,,"divide",717
25.755419,,,,,,,,,,,,,,"PC 0x9164a28b","0x2021c0000","[Unified Memory CPU page faults]",
25.755452,0.001280,,,,,,,,,,"GeForce GTX 960 (0)",,,4096.000000,"0x2021c0000","[Unified Memory Memcpy DtoH]",
25.755720,,,,,,,,,,,,,,"PC 0x9164a28b","0x2021c1000","[Unified Memory CPU page faults]",
25.755748,0.001248,,,,,,,,,,"GeForce GTX 960 (0)",,,4096.000000,"0x2021c1000","[Unified Memory Memcpy DtoH]",
25.755805,,,,,,,,,,,,,,"PC 0x9164a1f5","0x2021c2000","[Unified Memory CPU page faults]",
25.755830,0.001216,,,,,,,,,,"GeForce GTX 960 (0)",,,4096.000000,"0x2021c2000","[Unified Memory Memcpy DtoH]",
25.755871,,,,,,,,,,,,,,"PC 0x9164a1f5","0x2021c3000","[Unified Memory CPU page faults]",
25.755896,0.001248,,,,,,,,,,"GeForce GTX 960 (0)",,,4096.000000,"0x2021c3000","[Unified Memory Memcpy DtoH]",
25.756176,0.001600,,,,,,,,,,"GeForce GTX 960 (0)",,,4096.000000,"0x2021c0000","[Unified Memory Memcpy HtoD]",
25.756180,0.001504,,,,,,,,,,"GeForce GTX 960 (0)",,,4096.000000,"0x2021c2000","[Unified Memory Memcpy HtoD]",
25.756290,6.624442,62500,1,1,32,1,1,29,2.000000,128,"GeForce GTX 960 (0)","1","24",,,"spmv3",731
25.756489,0.001504,,,,,,,,,,"GeForce GTX 960 (0)",,,4096.000000,"0x2021c1000","[Unified Memory Memcpy HtoD]",
25.756493,0.001856,,,,,,,,,,"GeForce GTX 960 (0)",,,4096.000000,"0x2021c3000","[Unified Memory Memcpy HtoD]",
25.762914,6.592058,62500,1,1,32,1,1,29,2.000000,128,"GeForce GTX 960 (0)","1","25",,,"spmv3",737
25.769505,0.159613,176,1,1,32,1,1,8,0.000000,0,"GeForce GTX 960 (0)","1","24",,,"sum",742
25.769509,0.266043,176,1,1,32,1,1,8,0.000000,0,"GeForce GTX 960 (0)","1","25",,,"sum",747
25.769787,0.272026,176,1,1,32,1,1,14,0.000000,0,"GeForce GTX 960 (0)","1","24",,,"divide",754
25.769854,0.394840,176,1,1,32,1,1,14,0.000000,0,"GeForce GTX 960 (0)","1","25",,,"divide",761
25.770153,,,,,,,,,,,,,,"PC 0x9164a28b","0x2021c0000","[Unified Memory CPU page faults]",
25.770185,0.001344,,,,,,,,,,"GeForce GTX 960 (0)",,,4096.000000,"0x2021c0000","[Unified Memory Memcpy DtoH]",
25.770332,,,,,,,,,,,,,,"PC 0x9164a28b","0x2021c1000","[Unified Memory CPU page faults]",
25.770359,0.001248,,,,,,,,,,"GeForce GTX 960 (0)",,,4096.000000,"0x2021c1000","[Unified Memory Memcpy DtoH]",
25.770431,,,,,,,,,,,,,,"PC 0x9164a1f5","0x2021c2000","[Unified Memory CPU page faults]",
25.770456,0.001248,,,,,,,,,,"GeForce GTX 960 (0)",,,4096.000000,"0x2021c2000","[Unified Memory Memcpy DtoH]",
25.770517,,,,,,,,,,,,,,"PC 0x9164a1f5","0x2021c3000","[Unified Memory CPU page faults]",
25.770542,0.001216,,,,,,,,,,"GeForce GTX 960 (0)",,,4096.000000,"0x2021c3000","[Unified Memory Memcpy DtoH]",
25.770809,0.001440,,,,,,,,,,"GeForce GTX 960 (0)",,,4096.000000,"0x2021c0000","[Unified Memory Memcpy HtoD]",
25.770814,0.001568,,,,,,,,,,"GeForce GTX 960 (0)",,,4096.000000,"0x2021c2000","[Unified Memory Memcpy HtoD]",
25.770904,6.597114,62500,1,1,32,1,1,29,2.000000,128,"GeForce GTX 960 (0)","1","24",,,"spmv3",775
25.771077,0.001664,,,,,,,,,,"GeForce GTX 960 (0)",,,4096.000000,"0x2021c1000","[Unified Memory Memcpy HtoD]",
25.771081,0.001536,,,,,,,,,,"GeForce GTX 960 (0)",,,4096.000000,"0x2021c3000","[Unified Memory Memcpy HtoD]",
25.777501,6.615578,62500,1,1,32,1,1,29,2.000000,128,"GeForce GTX 960 (0)","1","25",,,"spmv3",781
25.784116,0.156701,176,1,1,32,1,1,8,0.000000,0,"GeForce GTX 960 (0)","1","24",,,"sum",786
25.784120,0.266651,176,1,1,32,1,1,8,0.000000,0,"GeForce GTX 960 (0)","1","25",,,"sum",791
25.784387,0.276122,176,1,1,32,1,1,14,0.000000,0,"GeForce GTX 960 (0)","1","24",,,"divide",798
25.784457,0.395768,176,1,1,32,1,1,14,0.000000,0,"GeForce GTX 960 (0)","1","25",,,"divide",805
25.784760,,,,,,,,,,,,,,"PC 0x9164a28b","0x2021c0000","[Unified Memory CPU page faults]",
25.784791,0.001344,,,,,,,,,,"GeForce GTX 960 (0)",,,4096.000000,"0x2021c0000","[Unified Memory Memcpy DtoH]",
25.784913,,,,,,,,,,,,,,"PC 0x9164a28b","0x2021c1000","[Unified Memory CPU page faults]",
25.784939,0.001248,,,,,,,,,,"GeForce GTX 960 (0)",,,4096.000000,"0x2021c1000","[Unified Memory Memcpy DtoH]",
25.784990,,,,,,,,,,,,,,"PC 0x9164a1f5","0x2021c2000","[Unified Memory CPU page faults]",
25.785015,0.001248,,,,,,,,,,"GeForce GTX 960 (0)",,,4096.000000,"0x2021c2000","[Unified Memory Memcpy DtoH]",
25.785064,,,,,,,,,,,,,,"PC 0x9164a1f5","0x2021c3000","[Unified Memory CPU page faults]",
25.785088,0.001248,,,,,,,,,,"GeForce GTX 960 (0)",,,4096.000000,"0x2021c3000","[Unified Memory Memcpy DtoH]",
25.785360,0.001504,,,,,,,,,,"GeForce GTX 960 (0)",,,4096.000000,"0x2021c0000","[Unified Memory Memcpy HtoD]",
25.785365,0.001440,,,,,,,,,,"GeForce GTX 960 (0)",,,4096.000000,"0x2021c2000","[Unified Memory Memcpy HtoD]",
25.785461,6.621530,62500,1,1,32,1,1,29,2.000000,128,"GeForce GTX 960 (0)","1","24",,,"spmv3",819
25.785637,0.002208,,,,,,,,,,"GeForce GTX 960 (0)",,,4096.000000,"0x2021c1000","[Unified Memory Memcpy HtoD]",
25.785642,0.002144,,,,,,,,,,"GeForce GTX 960 (0)",,,4096.000000,"0x2021c3000","[Unified Memory Memcpy HtoD]",
25.792082,6.598011,62500,1,1,32,1,1,29,2.000000,128,"GeForce GTX 960 (0)","1","25",,,"spmv3",825
25.798680,0.156348,176,1,1,32,1,1,8,0.000000,0,"GeForce GTX 960 (0)","1","24",,,"sum",830
25.798684,0.264698,176,1,1,32,1,1,8,0.000000,0,"GeForce GTX 960 (0)","1","25",,,"sum",835
25.798991,0.292474,176,1,1,32,1,1,14,0.000000,0,"GeForce GTX 960 (0)","1","24",,,"divide",842
25.798999,0.465815,176,1,1,32,1,1,14,0.000000,0,"GeForce GTX 960 (0)","1","25",,,"divide",849
25.799388,,,,,,,,,,,,,,"PC 0x9164a28b","0x2021c0000","[Unified Memory CPU page faults]",
25.799420,0.001344,,,,,,,,,,"GeForce GTX 960 (0)",,,4096.000000,"0x2021c0000","[Unified Memory Memcpy DtoH]",
25.799536,,,,,,,,,,,,,,"PC 0x9164a28b","0x2021c1000","[Unified Memory CPU page faults]",
25.799562,0.001312,,,,,,,,,,"GeForce GTX 960 (0)",,,4096.000000,"0x2021c1000","[Unified Memory Memcpy DtoH]",
25.799610,,,,,,,,,,,,,,"PC 0x9164a1f5","0x2021c2000","[Unified Memory CPU page faults]",
25.799635,0.001216,,,,,,,,,,"GeForce GTX 960 (0)",,,4096.000000,"0x2021c2000","[Unified Memory Memcpy DtoH]",
25.799688,,,,,,,,,,,,,,"PC 0x9164a1f5","0x2021c3000","[Unified Memory CPU page faults]",
25.799713,0.001248,,,,,,,,,,"GeForce GTX 960 (0)",,,4096.000000,"0x2021c3000","[Unified Memory Memcpy DtoH]",
25.799960,0.001472,,,,,,,,,,"GeForce GTX 960 (0)",,,4096.000000,"0x2021c0000","[Unified Memory Memcpy HtoD]",
25.799964,0.001472,,,,,,,,,,"GeForce GTX 960 (0)",,,4096.000000,"0x2021c2000","[Unified Memory Memcpy HtoD]",
25.800067,6.584858,62500,1,1,32,1,1,29,2.000000,128,"GeForce GTX 960 (0)","1","24",,,"spmv3",863
25.800259,0.001568,,,,,,,,,,"GeForce GTX 960 (0)",,,4096.000000,"0x2021c1000","[Unified Memory Memcpy HtoD]",
25.800263,0.002400,,,,,,,,,,"GeForce GTX 960 (0)",,,4096.000000,"0x2021c3000","[Unified Memory Memcpy HtoD]",
25.806651,6.570811,62500,1,1,32,1,1,29,2.000000,128,"GeForce GTX 960 (0)","1","25",,,"spmv3",869
25.813221,0.155421,176,1,1,32,1,1,8,0.000000,0,"GeForce GTX 960 (0)","1","24",,,"sum",874
25.813225,0.267579,176,1,1,32,1,1,8,0.000000,0,"GeForce GTX 960 (0)","1","25",,,"sum",879
25.813502,0.278074,176,1,1,32,1,1,14,0.000000,0,"GeForce GTX 960 (0)","1","24",,,"divide",886
25.813562,0.409176,176,1,1,32,1,1,14,0.000000,0,"GeForce GTX 960 (0)","1","25",,,"divide",893
25.813864,,,,,,,,,,,,,,"PC 0x9164a28b","0x2021c0000","[Unified Memory CPU page faults]",
25.813896,0.001344,,,,,,,,,,"GeForce GTX 960 (0)",,,4096.000000,"0x2021c0000","[Unified Memory Memcpy DtoH]",
25.814010,,,,,,,,,,,,,,"PC 0x9164a28b","0x2021c1000","[Unified Memory CPU page faults]",
25.814036,0.001248,,,,,,,,,,"GeForce GTX 960 (0)",,,4096.000000,"0x2021c1000","[Unified Memory Memcpy DtoH]",
25.814082,,,,,,,,,,,,,,"PC 0x9164a1f5","0x2021c2000","[Unified Memory CPU page faults]",
25.814107,0.001216,,,,,,,,,,"GeForce GTX 960 (0)",,,4096.000000,"0x2021c2000","[Unified Memory Memcpy DtoH]",
25.814195,,,,,,,,,,,,,,"PC 0x9164a1f5","0x2021c3000","[Unified Memory CPU page faults]",
25.814220,0.001216,,,,,,,,,,"GeForce GTX 960 (0)",,,4096.000000,"0x2021c3000","[Unified Memory Memcpy DtoH]",
25.814244,,,,,,,,,,,,,,"PC 0xa7a1e3de","0x201a00000","[Unified Memory CPU page faults]",
25.814274,0.001248,,,,,,,,,,"GeForce GTX 960 (0)",,,4096.000000,"0x201a00000","[Unified Memory Memcpy DtoH]",
25.814275,0.005088,,,,,,,,,,"GeForce GTX 960 (0)",,,61440.000000,"0x201a01000","[Unified Memory Memcpy DtoH]",
25.814295,,,,,,,,,,,,,,"PC 0xa7a1e3de","0x20b3c0000","[Unified Memory CPU page faults]",
25.814324,0.001280,,,,,,,,,,"GeForce GTX 960 (0)",,,4096.000000,"0x20b3c0000","[Unified Memory Memcpy DtoH]",
25.814325,0.005088,,,,,,,,,,"GeForce GTX 960 (0)",,,61440.000000,"0x20b3c1000","[Unified Memory Memcpy DtoH]",
26.901852,0.162524,,,,,,,,,,"GeForce GTX 960 (0)",,,2097152.000000,"0x201a00000","[Unified Memory Memcpy HtoD]",
26.902016,0.163037,,,,,,,,,,"GeForce GTX 960 (0)",,,2097152.000000,"0x201c00000","[Unified Memory Memcpy HtoD]",
26.902180,0.163389,,,,,,,,,,"GeForce GTX 960 (0)",,,2097152.000000,"0x201e00000","[Unified Memory Memcpy HtoD]",
26.902345,0.133597,,,,,,,,,,"GeForce GTX 960 (0)",,,1712128.000000,"0x202000000","[Unified Memory Memcpy HtoD]",
26.902480,0.001472,,,,,,,,,,"GeForce GTX 960 (0)",,,4096.000000,"0x2021c0000","[Unified Memory Memcpy HtoD]",
26.902482,0.001440,,,,,,,,,,"GeForce GTX 960 (0)",,,4096.000000,"0x2021c2000","[Unified Memory Memcpy HtoD]",
26.902485,0.142845,,,,,,,,,,"GeForce GTX 960 (0)",,,1835008.000000,"0x201240000","[Unified Memory Memcpy HtoD]",
26.902629,0.162749,,,,,,,,,,"GeForce GTX 960 (0)",,,2097152.000000,"0x201400000","[Unified Memory Memcpy HtoD]",
26.902793,0.163996,,,,,,,,,,"GeForce GTX 960 (0)",,,2097152.000000,"0x201600000","[Unified Memory Memcpy HtoD]",
26.902958,0.153821,,,,,,,,,,"GeForce GTX 960 (0)",,,1974272.000000,"0x201800000","[Unified Memory Memcpy HtoD]",
26.903113,0.081983,,,,,,,,,,"GeForce GTX 960 (0)",,,1048576.000000,"0x206700000","[Unified Memory Memcpy HtoD]",
26.903196,0.163228,,,,,,,,,,"GeForce GTX 960 (0)",,,2097152.000000,"0x206800000","[Unified Memory Memcpy HtoD]",
26.903361,0.162973,,,,,,,,,,"GeForce GTX 960 (0)",,,2097152.000000,"0x206a00000","[Unified Memory Memcpy HtoD]",
26.903525,0.162941,,,,,,,,,,"GeForce GTX 960 (0)",,,2097152.000000,"0x206c00000","[Unified Memory Memcpy HtoD]",
26.903689,0.162876,,,,,,,,,,"GeForce GTX 960 (0)",,,2097152.000000,"0x206e00000","[Unified Memory Memcpy HtoD]",
26.903853,0.163133,,,,,,,,,,"GeForce GTX 960 (0)",,,2097152.000000,"0x207000000","[Unified Memory Memcpy HtoD]",
26.904017,0.163261,,,,,,,,,,"GeForce GTX 960 (0)",,,2097152.000000,"0x207200000","[Unified Memory Memcpy HtoD]",
26.904182,0.162876,,,,,,,,,,"GeForce GTX 960 (0)",,,2097152.000000,"0x207400000","[Unified Memory Memcpy HtoD]",
26.904346,0.163037,,,,,,,,,,"GeForce GTX 960 (0)",,,2097152.000000,"0x207600000","[Unified Memory Memcpy HtoD]",
26.904510,0.162749,,,,,,,,,,"GeForce GTX 960 (0)",,,2097152.000000,"0x207800000","[Unified Memory Memcpy HtoD]",
26.904674,0.163036,,,,,,,,,,"GeForce GTX 960 (0)",,,2097152.000000,"0x207a00000","[Unified Memory Memcpy HtoD]",
26.904838,0.154237,,,,,,,,,,"GeForce GTX 960 (0)",,,1982464.000000,"0x207c00000","[Unified Memory Memcpy HtoD]",
26.904993,0.081790,,,,,,,,,,"GeForce GTX 960 (0)",,,1048576.000000,"0x209500000","[Unified Memory Memcpy HtoD]",
26.905076,0.163229,,,,,,,,,,"GeForce GTX 960 (0)",,,2097152.000000,"0x209600000","[Unified Memory Memcpy HtoD]",
26.905241,0.163069,,,,,,,,,,"GeForce GTX 960 (0)",,,2097152.000000,"0x209800000","[Unified Memory Memcpy HtoD]",
26.905405,0.163421,,,,,,,,,,"GeForce GTX 960 (0)",,,2097152.000000,"0x209a00000","[Unified Memory Memcpy HtoD]",
26.905569,0.163069,,,,,,,,,,"GeForce GTX 960 (0)",,,2097152.000000,"0x209c00000","[Unified Memory Memcpy HtoD]",
26.905734,0.163005,,,,,,,,,,"GeForce GTX 960 (0)",,,2097152.000000,"0x209e00000","[Unified Memory Memcpy HtoD]",
26.905898,0.162973,,,,,,,,,,"GeForce GTX 960 (0)",,,2097152.000000,"0x20a000000","[Unified Memory Memcpy HtoD]",
26.906062,0.162844,,,,,,,,,,"GeForce GTX 960 (0)",,,2097152.000000,"0x20a200000","[Unified Memory Memcpy HtoD]",
26.906226,0.162941,,,,,,,,,,"GeForce GTX 960 (0)",,,2097152.000000,"0x20a400000","[Unified Memory Memcpy HtoD]",
26.906390,0.162845,,,,,,,,,,"GeForce GTX 960 (0)",,,2097152.000000,"0x20a600000","[Unified Memory Memcpy HtoD]",
26.906554,0.163484,,,,,,,,,,"GeForce GTX 960 (0)",,,2097152.000000,"0x20a800000","[Unified Memory Memcpy HtoD]",
26.906719,0.154077,,,,,,,,,,"GeForce GTX 960 (0)",,,1982464.000000,"0x20aa00000","[Unified Memory Memcpy HtoD]",
26.906874,0.163165,,,,,,,,,,"GeForce GTX 960 (0)",,,2097152.000000,"0x20ac00000","[Unified Memory Memcpy HtoD]",
26.907039,0.162684,,,,,,,,,,"GeForce GTX 960 (0)",,,2097152.000000,"0x20ae00000","[Unified Memory Memcpy HtoD]",
26.907202,0.163165,,,,,,,,,,"GeForce GTX 960 (0)",,,2097152.000000,"0x20b000000","[Unified Memory Memcpy HtoD]",
26.907367,0.133629,,,,,,,,,,"GeForce GTX 960 (0)",,,1712128.000000,"0x20b200000","[Unified Memory Memcpy HtoD]",
26.907502,0.021216,,,,,,,,,,"GeForce GTX 960 (0)",,,262144.000000,"0x20b3c0000","[Unified Memory Memcpy HtoD]",
26.907524,0.163229,,,,,,,,,,"GeForce GTX 960 (0)",,,2097152.000000,"0x20b400000","[Unified Memory Memcpy HtoD]",
26.907688,0.163132,,,,,,,,,,"GeForce GTX 960 (0)",,,2097152.000000,"0x20b600000","[Unified Memory Memcpy HtoD]",
26.907853,0.163389,,,,,,,,,,"GeForce GTX 960 (0)",,,2097152.000000,"0x20b800000","[Unified Memory Memcpy HtoD]",
26.908017,0.112766,,,,,,,,,,"GeForce GTX 960 (0)",,,1449984.000000,"0x20ba00000","[Unified Memory Memcpy HtoD]",
26.908565,7.880960,62500,1,1,32,1,1,29,2.000000,128,"GeForce GTX 960 (0)","1","24",,,"spmv3",909
26.908814,0.001600,,,,,,,,,,"GeForce GTX 960 (0)",,,4096.000000,"0x2021c1000","[Unified Memory Memcpy HtoD]",
26.908818,0.001696,,,,,,,,,,"GeForce GTX 960 (0)",,,4096.000000,"0x2021c3000","[Unified Memory Memcpy HtoD]",
26.908905,0.122557,,,,,,,,,,"GeForce GTX 960 (0)",,,1572864.000000,"0x200a80000","[Unified Memory Memcpy HtoD]",
26.909030,0.163101,,,,,,,,,,"GeForce GTX 960 (0)",,,2097152.000000,"0x200c00000","[Unified Memory Memcpy HtoD]",
26.909195,0.163069,,,,,,,,,,"GeForce GTX 960 (0)",,,2097152.000000,"0x200e00000","[Unified Memory Memcpy HtoD]",
26.909361,0.163356,,,,,,,,,,"GeForce GTX 960 (0)",,,2097152.000000,"0x201000000","[Unified Memory Memcpy HtoD]",
26.909527,0.012800,,,,,,,,,,"GeForce GTX 960 (0)",,,139264.000000,"0x201200000","[Unified Memory Memcpy HtoD]",
26.909542,0.162781,,,,,,,,,,"GeForce GTX 960 (0)",,,2097152.000000,"0x205000000","[Unified Memory Memcpy HtoD]",
26.909707,0.162460,,,,,,,,,,"GeForce GTX 960 (0)",,,2097152.000000,"0x205200000","[Unified Memory Memcpy HtoD]",
26.909872,0.163453,,,,,,,,,,"GeForce GTX 960 (0)",,,2097152.000000,"0x205400000","[Unified Memory Memcpy HtoD]",
26.910037,0.163389,,,,,,,,,,"GeForce GTX 960 (0)",,,2097152.000000,"0x205600000","[Unified Memory Memcpy HtoD]",
26.910202,0.163580,,,,,,,,,,"GeForce GTX 960 (0)",,,2097152.000000,"0x205800000","[Unified Memory Memcpy HtoD]",
26.910368,0.162973,,,,,,,,,,"GeForce GTX 960 (0)",,,2097152.000000,"0x205a00000","[Unified Memory Memcpy HtoD]",
26.910533,0.163357,,,,,,,,,,"GeForce GTX 960 (0)",,,2097152.000000,"0x205c00000","[Unified Memory Memcpy HtoD]",
26.910698,0.163100,,,,,,,,,,"GeForce GTX 960 (0)",,,2097152.000000,"0x205e00000","[Unified Memory Memcpy HtoD]",
26.910863,0.162877,,,,,,,,,,"GeForce GTX 960 (0)",,,2097152.000000,"0x206000000","[Unified Memory Memcpy HtoD]",
26.911029,0.163389,,,,,,,,,,"GeForce GTX 960 (0)",,,2097152.000000,"0x206200000","[Unified Memory Memcpy HtoD]",
26.911194,0.163388,,,,,,,,,,"GeForce GTX 960 (0)",,,2097152.000000,"0x206400000","[Unified Memory Memcpy HtoD]",
26.911360,0.073151,,,,,,,,,,"GeForce GTX 960 (0)",,,933888.000000,"0x206600000","[Unified Memory Memcpy HtoD]",
26.911436,0.163740,,,,,,,,,,"GeForce GTX 960 (0)",,,2097152.000000,"0x207e00000","[Unified Memory Memcpy HtoD]",
26.911602,0.163357,,,,,,,,,,"GeForce GTX 960 (0)",,,2097152.000000,"0x208000000","[Unified Memory Memcpy HtoD]",
26.911768,0.164957,,,,,,,,,,"GeForce GTX 960 (0)",,,2097152.000000,"0x208200000","[Unified Memory Memcpy HtoD]",
26.911935,0.163708,,,,,,,,,,"GeForce GTX 960 (0)",,,2097152.000000,"0x208400000","[Unified Memory Memcpy HtoD]",
26.912102,0.163037,,,,,,,,,,"GeForce GTX 960 (0)",,,2097152.000000,"0x208600000","[Unified Memory Memcpy HtoD]",
26.912267,0.172988,,,,,,,,,,"GeForce GTX 960 (0)",,,2097152.000000,"0x208800000","[Unified Memory Memcpy HtoD]",
26.912442,0.163933,,,,,,,,,,"GeForce GTX 960 (0)",,,2097152.000000,"0x208a00000","[Unified Memory Memcpy HtoD]",
26.912608,0.163293,,,,,,,,,,"GeForce GTX 960 (0)",,,2097152.000000,"0x208c00000","[Unified Memory Memcpy HtoD]",
26.912774,0.163644,,,,,,,,,,"GeForce GTX 960 (0)",,,2097152.000000,"0x208e00000","[Unified Memory Memcpy HtoD]",
26.912940,0.163613,,,,,,,,,,"GeForce GTX 960 (0)",,,2097152.000000,"0x209000000","[Unified Memory Memcpy HtoD]",
26.913107,0.163453,,,,,,,,,,"GeForce GTX 960 (0)",,,2097152.000000,"0x209200000","[Unified Memory Memcpy HtoD]",
26.913272,0.073694,,,,,,,,,,"GeForce GTX 960 (0)",,,933888.000000,"0x209400000","[Unified Memory Memcpy HtoD]",
26.913348,0.050623,,,,,,,,,,"GeForce GTX 960 (0)",,,524288.000000,"0x20bb80000","[Unified Memory Memcpy HtoD]",
26.913401,0.163965,,,,,,,,,,"GeForce GTX 960 (0)",,,2097152.000000,"0x20bc00000","[Unified Memory Memcpy HtoD]",
26.913568,0.163484,,,,,,,,,,"GeForce GTX 960 (0)",,,2097152.000000,"0x20be00000","[Unified Memory Memcpy HtoD]",
26.913734,0.163325,,,,,,,,,,"GeForce GTX 960 (0)",,,2097152.000000,"0x20c000000","[Unified Memory Memcpy HtoD]",
26.913900,0.093214,,,,,,,,,,"GeForce GTX 960 (0)",,,1187840.000000,"0x20c200000","[Unified Memory Memcpy HtoD]",
26.916446,6.558844,62500,1,1,32,1,1,29,2.000000,128,"GeForce GTX 960 (0)","1","25",,,"spmv3",915
26.923004,0.158460,176,1,1,32,1,1,8,0.000000,0,"GeForce GTX 960 (0)","1","24",,,"sum",920
26.923007,0.264795,176,1,1,32,1,1,8,0.000000,0,"GeForce GTX 960 (0)","1","25",,,"sum",925
26.923295,0.277658,176,1,1,32,1,1,14,0.000000,0,"GeForce GTX 960 (0)","1","24",,,"divide",932
26.923364,0.398424,176,1,1,32,1,1,14,0.000000,0,"GeForce GTX 960 (0)","1","25",,,"divide",939
26.923607,,,,,,,,,,,,,,"PC 0x9164a28b","0x2021c0000","[Unified Memory CPU page faults]",
26.923642,0.001312,,,,,,,,,,"GeForce GTX 960 (0)",,,4096.000000,"0x2021c0000","[Unified Memory Memcpy DtoH]",
26.923914,,,,,,,,,,,,,,"PC 0x9164a28b","0x2021c1000","[Unified Memory CPU page faults]",
26.923948,0.001248,,,,,,,,,,"GeForce GTX 960 (0)",,,4096.000000,"0x2021c1000","[Unified Memory Memcpy DtoH]",
26.924139,,,,,,,,,,,,,,"PC 0x9164a1f5","0x2021c2000","[Unified Memory CPU page faults]",
26.924173,0.001248,,,,,,,,,,"GeForce GTX 960 (0)",,,4096.000000,"0x2021c2000","[Unified Memory Memcpy DtoH]",
26.924335,,,,,,,,,,,,,,"PC 0x9164a1f5","0x2021c3000","[Unified Memory CPU page faults]",
26.924369,0.001248,,,,,,,,,,"GeForce GTX 960 (0)",,,4096.000000,"0x2021c3000","[Unified Memory Memcpy DtoH]",
26.924704,0.001472,,,,,,,,,,"GeForce GTX 960 (0)",,,4096.000000,"0x2021c0000","[Unified Memory Memcpy HtoD]",
26.924707,0.001664,,,,,,,,,,"GeForce GTX 960 (0)",,,4096.000000,"0x2021c2000","[Unified Memory Memcpy HtoD]",
26.924926,6.614970,62500,1,1,32,1,1,29,2.000000,128,"GeForce GTX 960 (0)","1","24",,,"spmv3",953
26.925114,0.001472,,,,,,,,,,"GeForce GTX 960 (0)",,,4096.000000,"0x2021c1000","[Unified Memory Memcpy HtoD]",
26.925119,0.001472,,,,,,,,,,"GeForce GTX 960 (0)",,,4096.000000,"0x2021c3000","[Unified Memory Memcpy HtoD]",
26.931541,6.548507,62500,1,1,32,1,1,29,2.000000,128,"GeForce GTX 960 (0)","1","25",,,"spmv3",959
26.938089,0.152957,176,1,1,32,1,1,8,0.000000,0,"GeForce GTX 960 (0)","1","24",,,"sum",964
26.938092,0.266523,176,1,1,32,1,1,8,0.000000,0,"GeForce GTX 960 (0)","1","25",,,"sum",969
26.938355,0.271098,176,1,1,32,1,1,14,0.000000,0,"GeForce GTX 960 (0)","1","24",,,"divide",976
26.938439,0.381112,176,1,1,32,1,1,14,0.000000,0,"GeForce GTX 960 (0)","1","25",,,"divide",983
26.938642,,,,,,,,,,,,,,"PC 0x9164a28b","0x2021c0000","[Unified Memory CPU page faults]",
26.938676,0.001312,,,,,,,,,,"GeForce GTX 960 (0)",,,4096.000000,"0x2021c0000","[Unified Memory Memcpy DtoH]",
26.938959,,,,,,,,,,,,,,"PC 0x9164a28b","0x2021c1000","[Unified Memory CPU page faults]",
26.938993,0.001248,,,,,,,,,,"GeForce GTX 960 (0)",,,4096.000000,"0x2021c1000","[Unified Memory Memcpy DtoH]",
26.939139,,,,,,,,,,,,,,"PC 0x9164a1f5","0x2021c2000","[Unified Memory CPU page faults]",
26.939173,0.001216,,,,,,,,,,"GeForce GTX 960 (0)",,,4096.000000,"0x2021c2000","[Unified Memory Memcpy DtoH]",
26.939374,,,,,,,,,,,,,,"PC 0x9164a1f5","0x2021c3000","[Unified Memory CPU page faults]",
26.939407,0.001248,,,,,,,,,,"GeForce GTX 960 (0)",,,4096.000000,"0x2021c3000","[Unified Memory Memcpy DtoH]",
26.939745,0.001568,,,,,,,,,,"GeForce GTX 960 (0)",,,4096.000000,"0x2021c0000","[Unified Memory Memcpy HtoD]",
26.939748,0.001440,,,,,,,,,,"GeForce GTX 960 (0)",,,4096.000000,"0x2021c2000","[Unified Memory Memcpy HtoD]",
26.939977,6.608666,62500,1,1,32,1,1,29,2.000000,128,"GeForce GTX 960 (0)","1","24",,,"spmv3",997
26.940116,0.001696,,,,,,,,,,"GeForce GTX 960 (0)",,,4096.000000,"0x2021c1000","[Unified Memory Memcpy HtoD]",
26.940120,0.001888,,,,,,,,,,"GeForce GTX 960 (0)",,,4096.000000,"0x2021c3000","[Unified Memory Memcpy HtoD]",
26.946585,6.610234,62500,1,1,32,1,1,29,2.000000,128,"GeForce GTX 960 (0)","1","25",,,"spmv3",1003
26.953195,0.156093,176,1,1,32,1,1,8,0.000000,0,"GeForce GTX 960 (0)","1","24",,,"sum",1008
26.953199,0.265211,176,1,1,32,1,1,8,0.000000,0,"GeForce GTX 960 (0)","1","25",,,"sum",1013
26.953502,0.268187,176,1,1,32,1,1,14,0.000000,0,"GeForce GTX 960 (0)","1","24",,,"divide",1020
26.953583,0.381657,176,1,1,32,1,1,14,0.000000,0,"GeForce GTX 960 (0)","1","25",,,"divide",1027
26.953850,,,,,,,,,,,,,,"PC 0x9164a28b","0x2021c0000","[Unified Memory CPU page faults]",
26.953888,0.001312,,,,,,,,,,"GeForce GTX 960 (0)",,,4096.000000,"0x2021c0000","[Unified Memory Memcpy DtoH]",
26.953988,,,,,,,,,,,,,,"PC 0x9164a28b","0x2021c1000","[Unified Memory CPU page faults]",
26.954021,0.001280,,,,,,,,,,"GeForce GTX 960 (0)",,,4096.000000,"0x2021c1000","[Unified Memory Memcpy DtoH]",
26.954056,,,,,,,,,,,,,,"PC 0x9164a1f5","0x2021c2000","[Unified Memory CPU page faults]",
26.954087,0.001248,,,,,,,,,,"GeForce GTX 960 (0)",,,4096.000000,"0x2021c2000","[Unified Memory Memcpy DtoH]",
26.954118,,,,,,,,,,,,,,"PC 0x9164a1f5","0x2021c3000","[Unified Memory CPU page faults]",
26.954161,0.001216,,,,,,,,,,"GeForce GTX 960 (0)",,,4096.000000,"0x2021c3000","[Unified Memory Memcpy DtoH]",
26.954386,0.001504,,,,,,,,,,"GeForce GTX 960 (0)",,,4096.000000,"0x2021c0000","[Unified Memory Memcpy HtoD]",
26.954389,0.001504,,,,,,,,,,"GeForce GTX 960 (0)",,,4096.000000,"0x2021c2000","[Unified Memory Memcpy HtoD]",
26.954462,6.595866,62500,1,1,32,1,1,29,2.000000,128,"GeForce GTX 960 (0)","1","24",,,"spmv3",1041
26.954598,0.001728,,,,,,,,,,"GeForce GTX 960 (0)",,,4096.000000,"0x2021c1000","[Unified Memory Memcpy HtoD]",
26.954602,0.001888,,,,,,,,,,"GeForce GTX 960 (0)",,,4096.000000,"0x2021c3000","[Unified Memory Memcpy HtoD]",
26.961058,6.589499,62500,1,1,32,1,1,29,2.000000,128,"GeForce GTX 960 (0)","1","25",,,"spmv3",1047
26.967646,0.156093,176,1,1,32,1,1,8,0.000000,0,"GeForce GTX 960 (0)","1","24",,,"sum",1052
26.967650,0.269530,176,1,1,32,1,1,8,0.000000,0,"GeForce GTX 960 (0)","1","25",,,"sum",1057
26.967904,0.280186,176,1,1,32,1,1,14,0.000000,0,"GeForce GTX 960 (0)","1","24",,,"divide",1064
26.968005,0.369496,176,1,1,32,1,1,14,0.000000,0,"GeForce GTX 960 (0)","1","25",,,"divide",1071
26.968193,,,,,,,,,,,,,,"PC 0x9164a28b","0x2021c0000","[Unified Memory CPU page faults]",
26.968226,0.001344,,,,,,,,,,"GeForce GTX 960 (0)",,,4096.000000,"0x2021c0000","[Unified Memory Memcpy DtoH]",
26.968397,,,,,,,,,,,,,,"PC 0x9164a28b","0x2021c1000","[Unified Memory CPU page faults]",
26.968429,0.001248,,,,,,,,,,"GeForce GTX 960 (0)",,,4096.000000,"0x2021c1000","[Unified Memory Memcpy DtoH]",
26.968515,,,,,,,,,,,,,,"PC 0x9164a1f5","0x2021c2000","[Unified Memory CPU page faults]",
26.968548,0.001248,,,,,,,,,,"GeForce GTX 960 (0)",,,4096.000000,"0x2021c2000","[Unified Memory Memcpy DtoH]",
26.968610,,,,,,,,,,,,,,"PC 0x9164a1f5","0x2021c3000","[Unified Memory CPU page faults]",
26.968657,0.001248,,,,,,,,,,"GeForce GTX 960 (0)",,,4096.000000,"0x2021c3000","[Unified Memory Memcpy DtoH]",
26.968836,0.001472,,,,,,,,,,"GeForce GTX 960 (0)",,,4096.000000,"0x2021c0000","[Unified Memory Memcpy HtoD]",
26.968840,0.001504,,,,,,,,,,"GeForce GTX 960 (0)",,,4096.000000,"0x2021c2000","[Unified Memory Memcpy HtoD]",
26.968906,6.634170,62500,1,1,32,1,1,29,2.000000,128,"GeForce GTX 960 (0)","1","24",,,"spmv3",1085
26.969021,0.001824,,,,,,,,,,"GeForce GTX 960 (0)",,,4096.000000,"0x2021c1000","[Unified Memory Memcpy HtoD]",
26.969025,0.001504,,,,,,,,,,"GeForce GTX 960 (0)",,,4096.000000,"0x2021c3000","[Unified Memory Memcpy HtoD]",
26.975540,6.591291,62500,1,1,32,1,1,29,2.000000,128,"GeForce GTX 960 (0)","1","25",,,"spmv3",1091
26.982130,0.155868,176,1,1,32,1,1,8,0.000000,0,"GeForce GTX 960 (0)","1","24",,,"sum",1096
26.982134,0.266907,176,1,1,32,1,1,8,0.000000,0,"GeForce GTX 960 (0)","1","25",,,"sum",1101
26.982399,0.252411,176,1,1,32,1,1,14,0.000000,0,"GeForce GTX 960 (0)","1","24",,,"divide",1108
26.982526,0.328153,176,1,1,32,1,1,14,0.000000,0,"GeForce GTX 960 (0)","1","25",,,"divide",1115
26.982663,,,,,,,,,,,,,,"PC 0x9164a28b","0x2021c0000","[Unified Memory CPU page faults]",
26.982696,0.001440,,,,,,,,,,"GeForce GTX 960 (0)",,,4096.000000,"0x2021c0000","[Unified Memory Memcpy DtoH]",
26.982852,,,,,,,,,,,,,,"PC 0x9164a28b","0x2021c1000","[Unified Memory CPU page faults]",
26.982885,0.001280,,,,,,,,,,"GeForce GTX 960 (0)",,,4096.000000,"0x2021c1000","[Unified Memory Memcpy DtoH]",
26.982937,,,,,,,,,,,,,,"PC 0x9164a1f5","0x2021c2000","[Unified Memory CPU page faults]",
26.982969,0.001248,,,,,,,,,,"GeForce GTX 960 (0)",,,4096.000000,"0x2021c2000","[Unified Memory Memcpy DtoH]",
26.983026,,,,,,,,,,,,,,"PC 0x9164a1f5","0x2021c3000","[Unified Memory CPU page faults]",
26.983059,0.011392,,,,,,,,,,"GeForce GTX 960 (0)",,,4096.000000,"0x2021c3000","[Unified Memory Memcpy DtoH]",
26.983113,,,,,,,,,,,,,,"PC 0xa7a1e3de","0x201a00000","[Unified Memory CPU page faults]",
26.983149,0.001312,,,,,,,,,,"GeForce GTX 960 (0)",,,4096.000000,"0x201a00000","[Unified Memory Memcpy DtoH]",
26.983150,0.005088,,,,,,,,,,"GeForce GTX 960 (0)",,,61440.000000,"0x201a01000","[Unified Memory Memcpy DtoH]",
26.983214,,,,,,,,,,,,,,"PC 0xa7a1e3de","0x20b3c0000","[Unified Memory CPU page faults]",
26.983248,0.001216,,,,,,,,,,"GeForce GTX 960 (0)",,,4096.000000,"0x20b3c0000","[Unified Memory Memcpy DtoH]",
26.983250,0.005088,,,,,,,,,,"GeForce GTX 960 (0)",,,61440.000000,"0x20b3c1000","[Unified Memory Memcpy DtoH]",
==30938== Generated result file: /home/users/qi.zhou/tesi/grcuda/projects/resources/python/benchmark/single_gpu_b7_30938.nvvp
